-- phpMyAdmin SQL Dump
-- version 5.1.3
-- https://www.phpmyadmin.net/
--
-- Host: localhost
-- Generation Time: Apr 17, 2022 at 04:30 PM
-- Server version: 10.4.21-MariaDB
-- PHP Version: 7.4.28

SET SQL_MODE = "NO_AUTO_VALUE_ON_ZERO";
START TRANSACTION;
SET time_zone = "+00:00";


/*!40101 SET @OLD_CHARACTER_SET_CLIENT=@@CHARACTER_SET_CLIENT */;
/*!40101 SET @OLD_CHARACTER_SET_RESULTS=@@CHARACTER_SET_RESULTS */;
/*!40101 SET @OLD_COLLATION_CONNECTION=@@COLLATION_CONNECTION */;
/*!40101 SET NAMES utf8mb4 */;

--
-- Database: `cbtonline_2.5`
--

-- --------------------------------------------------------

--
-- Table structure for table `auth`
--

CREATE TABLE `auth` (
  `id` int(11) NOT NULL,
  `username` varchar(128) NOT NULL,
  `password` varchar(1028) NOT NULL,
  `nama` varchar(256) NOT NULL,
  `level` varchar(32) NOT NULL
) ENGINE=InnoDB DEFAULT CHARSET=utf8mb4;

--
-- Dumping data for table `auth`
--

INSERT INTO `auth` (`id`, `username`, `password`, `nama`, `level`) VALUES
(1, 'admincbt2021', 'bbc92f32845c7f4df984092f7bd8e71c', 'ADMINISTRATOR UTAMA', 'admin'),
(2, 'admin123akl', '2ef2f83fe02f803995f7331339ad96c8', 'ADMINISTRATOR AKL', 'adminakl'),
(3, 'admin123bdp', 'cf8d502d1523ad6a708bc801ca1acaf1', 'ADMINISTRATOR BDP', 'adminbdp'),
(4, 'admin123otkp', 'c2674a4b16ee7bb462c1c465968243ca', 'ADMINISTRATOR OTKP', 'adminotkp'),
(5, 'admin123tkj', '6d9e578d3a86351836501a9907ab2980', 'ADMINISTRATOR TKJ', 'admintkj');

-- --------------------------------------------------------

--
-- Table structure for table `a_jurusan`
--

CREATE TABLE `a_jurusan` (
  `id` int(11) NOT NULL,
  `kode` varchar(8) NOT NULL,
  `jurusan` varchar(128) NOT NULL
) ENGINE=InnoDB DEFAULT CHARSET=utf8mb4;

--
-- Dumping data for table `a_jurusan`
--

INSERT INTO `a_jurusan` (`id`, `kode`, `jurusan`) VALUES
(101, 'AKL', 'AKUTANSI KEUANGAN LEMBAGA'),
(202, 'BDP', 'BISNIS DARING PEMASARAN'),
(303, 'OTKP', 'OTOMATISASI TATA KELOLA PERKANTORAN'),
(404, 'TKJ', 'TEKNIK KOMPUTER DAN JARINGAN'),
(505, 'MM', 'MULTIMEDIA');

-- --------------------------------------------------------

--
-- Table structure for table `a_kelas`
--

CREATE TABLE `a_kelas` (
  `id` int(11) NOT NULL,
  `kode` varchar(8) NOT NULL,
  `kelas` varchar(128) NOT NULL
) ENGINE=InnoDB DEFAULT CHARSET=utf8mb4;

--
-- Dumping data for table `a_kelas`
--

INSERT INTO `a_kelas` (`id`, `kode`, `kelas`) VALUES
(1001201, 'AKL', 'X AKL 1'),
(1002164, 'AKL', 'X AKL 2'),
(1003393, 'BDP', 'X BDP 1'),
(1004601, 'BDP', 'X BDP 2'),
(1005908, 'OTKP', 'X OTKP 1'),
(1006754, 'OTKP', 'X OTKP 2'),
(1007323, 'TKJ', 'X TKJ 1'),
(1008634, 'TKJ', 'X TKJ 2'),
(1009956, 'TKJ', 'X TKJ 3'),
(1010705, 'AKL', 'XI AKL 1'),
(1011701, 'AKL', 'XI AKL 2'),
(1012907, 'BDP', 'XI BDP 1'),
(1013318, 'BDP', 'XI BDP 2'),
(1014740, 'OTKP', 'XI OTKP 1'),
(1015879, 'OTKP', 'XI OTKP 2'),
(1016422, 'TKJ', 'XI TKJ 1'),
(1017835, 'TKJ', 'XI TKJ 2'),
(1018989, 'TKJ', 'XI TKJ 3'),
(1019741, 'AKL', 'XII AKL 1'),
(1020508, 'AKL', 'XII AKL 2'),
(1021777, 'BDP', 'XII BDP 1'),
(1022916, 'BDP', 'XII BDP 2'),
(1023739, 'OTKP', 'XII OTKP 1'),
(1024725, 'OTKP', 'XII OTKP 2'),
(1025156, 'TKJ', 'XII TKJ 1'),
(1026818, 'TKJ', 'XII TKJ 2'),
(1027713, 'TKJ', 'XII TKJ 3');

-- --------------------------------------------------------

--
-- Table structure for table `a_mapel`
--

CREATE TABLE `a_mapel` (
  `id_mapel` int(18) NOT NULL,
  `nama_mapel` varchar(255) NOT NULL,
  `jurusan` varchar(16) NOT NULL
) ENGINE=InnoDB DEFAULT CHARSET=utf8mb4;

--
-- Dumping data for table `a_mapel`
--

INSERT INTO `a_mapel` (`id_mapel`, `nama_mapel`, `jurusan`) VALUES
(1001101, 'PENDIDIKAN AGAMA ISLAM', 'AKL'),
(1002101, 'PENDIDIKAN AGAMA KRISTEN', 'AKL'),
(1003101, 'PENDIDIKAN PANCASILA DAN KEWARGANEGARAAN', 'AKL'),
(1004101, 'BAHASA INDONESIA', 'AKL'),
(1005101, 'MATEMATIKA', 'AKL'),
(1006101, 'SEJARAH INDONESIA', 'AKL'),
(1007101, 'BAHASA INGGRIS', 'AKL'),
(1008101, 'BAHASA MANDARIN', 'AKL'),
(1009101, 'SENI BUDAYA', 'AKL'),
(1010101, 'PENDIDIKAN JASMANI, OLAH RAGA & KESEHATAN', 'AKL'),
(1011101, 'SIMULASI DAN KOMUNIKASI DIGITAL', 'AKL'),
(1012101, 'EKONOMI BISNIS', 'AKL'),
(1013101, 'ADMINISTRASI UMUM', 'AKL'),
(1014101, 'IPA', 'AKL'),
(1015101, 'ETIKA PROFESI', 'AKL'),
(1016101, 'APLIKASI PENGOLAH ANGKA/SPREADSHEET', 'AKL'),
(1017101, 'AKUNTANSI DASAR', 'AKL'),
(1018101, 'PERBANKAN DASAR', 'AKL'),
(1019101, 'PRAKTIKUM AKUNTANSI PERUSAHAAN JASA, DAGANG, DAN MANUFAKTUR', 'AKL'),
(1020101, 'PRAKTIKUM AKUNTANSI LEMBAGA/INSTANSI PMRNTAH', 'AKL'),
(1021101, 'AKUNTANSI KEUANGAN', 'AKL'),
(1022101, 'KOMPUTER AKUNTANSI', 'AKL'),
(1023101, 'ADMINISTRASI PAJAK', 'AKL'),
(1024101, 'PRODUK KREATIF DAN KEWIRAUSAHAAN', 'AKL'),
(2001202, 'PENDIDIKAN AGAMA ISLAM', 'BDP'),
(2002202, 'PENDIDIKAN AGAMA KRISTEN', 'BDP'),
(2003202, 'PENDIDIKAN PANCASILA DAN KEWARGANEGARAAN', 'BDP'),
(2004202, 'BAHASA INDONESIA', 'BDP'),
(2005202, 'MATEMATIKA', 'BDP'),
(2006202, 'SEJARAH INDONESIA', 'BDP'),
(2007202, 'BAHASA INGGRIS', 'BDP'),
(2008202, 'BAHASA MANDARIN', 'BDP'),
(2009202, 'SENI BUDAYA', 'BDP'),
(2010202, 'PENDIDIKAN JASMANI, OLAH RAGA & KESEHATAN', 'BDP'),
(2011202, 'SIMULASI DAN KOMUNIKASI DIGITAL', 'BDP'),
(2012202, 'EKONOMI BISNIS', 'BDP'),
(2013202, 'ADMINISTRASI UMUM', 'BDP'),
(2014202, 'IPA', 'BDP'),
(2015202, 'MARKETING', 'BDP'),
(2016202, 'PERENCANAAN BISNIS', 'BDP'),
(2017202, 'KOMUNIKASI BISNIS', 'BDP'),
(2018202, 'PENATAAN PRODUK', 'BDP'),
(2019202, 'BISNIS ONLINE', 'BDP'),
(2020202, 'PENGELOLAAN BISNIS RITEL', 'BDP'),
(2021202, 'ADMINISTRASI TRANSAKSI', 'BDP'),
(2022202, 'PRODUK KREATIF DAN KEWIRAUSAHAAN', 'BDP'),
(3001303, 'PENDIDIKAN AGAMA ISLAM', 'OTKP'),
(3002303, 'PENDIDIKAN AGAMA KRISTEN', 'OTKP'),
(3003303, 'PENDIDIKAN PANCASILA DAN KEWARGANEGARAAN', 'OTKP'),
(3004303, 'BAHASA INDONESIA', 'OTKP'),
(3005303, 'MATEMATIKA', 'OTKP'),
(3006303, 'SEJARAH INDONESIA', 'OTKP'),
(3007303, 'BAHASA INGGRIS', 'OTKP'),
(3008303, 'BAHASA MANDARIN', 'OTKP'),
(3009303, 'SENI BUDAYA', 'OTKP'),
(3010303, 'PENDIDIKAN JASMANI, OLAH RAGA & KESEHATAN', 'OTKP'),
(3011303, 'SIMULASI DAN KOMUNIKASI DIGITAL', 'OTKP'),
(3012303, 'EKONOMI BISNIS', 'OTKP'),
(3013303, 'ADMINISTRASI UMUM', 'OTKP'),
(3014303, 'IPA', 'OTKP'),
(3015303, 'TEKNOLOGI PERKANTORAN', 'OTKP'),
(3016303, 'KORESPONDENSI', 'OTKP'),
(3017303, 'KEARSIPAN', 'OTKP'),
(3018303, 'OTK KEPEGAWAIAN', 'OTKP'),
(3019303, 'OTK  KEUANGAN', 'OTKP'),
(3020303, 'OTK SARANA DAN PRASARANA', 'OTKP'),
(3021303, 'OTK HUMAS DAN KEPROTOKOLAN', 'OTKP'),
(3022303, 'PRODUK KREATIF DAN KEWIRAUSAHAAN', 'OTKP'),
(4001404, 'PENDIDIKAN AGAMA ISLAM', 'TKJ'),
(4002404, 'PENDIDIKAN AGAMA KRISTEN', 'TKJ'),
(4003404, 'PENDIDIKAN PANCASILA DAN KEWARGANEGARAAN', 'TKJ'),
(4004404, 'BAHASA INDONESIA', 'TKJ'),
(4005404, 'MATEMATIKA', 'TKJ'),
(4006404, 'SEJARAH INDONESIA', 'TKJ'),
(4007404, 'BAHASA INGGRIS', 'TKJ'),
(4008404, 'BAHASA MANDARIN', 'TKJ'),
(4009404, 'SENI BUDAYA', 'TKJ'),
(4010404, 'PENDIDIKAN JASMANI, OLAH RAGA & KESEHATAN', 'TKJ'),
(4011404, 'SIMULASI DAN KOMUNIKASI DIGITAL', 'TKJ'),
(4012404, 'FISIKA', 'TKJ'),
(4013404, 'KIMIA', 'TKJ'),
(4014404, 'SISTEM KOMPUTER', 'TKJ'),
(4015404, 'KOMPUTER DAN JARINGAN DASAR', 'TKJ'),
(4016404, 'PEMROGRAMAN DASAR', 'TKJ'),
(4017404, 'DASAR DESAIN GRAFIS', 'TKJ'),
(4018404, 'TEKNOLOGI JARINGAN BERBASIS LUAS (WAN)', 'TKJ'),
(4019404, 'ADMINISTRASI INFRASTRUKTUR JARINGAN', 'TKJ'),
(4020404, 'ADMINISTRASI SISTEM JARINGAN', 'TKJ'),
(4021404, 'TEKNOLOGI LAYANAN JARINGAN', 'TKJ'),
(4022404, 'PRODUK KREATIF DAN KEWIRAUSAHAAN', 'TKJ'),
(5001505, 'PENDIDIKAN AGAMA ISLAM', 'MM'),
(5002505, 'PENDIDIKAN AGAMA KRISTEN', 'MM'),
(5003505, 'PENDIDIKAN PANCASILA DAN KEWARGANEGARAAN', 'MM'),
(5004505, 'BAHASA INDONESIA', 'MM'),
(5005505, 'MATEMATIKA', 'MM'),
(5006505, 'SEJARAH INDONESIA', 'MM'),
(5007505, 'BAHASA INGGRIS', 'MM'),
(5008505, 'BAHASA MANDARIN', 'MM'),
(5009505, 'SENI BUDAYA', 'MM'),
(5010505, 'PENDIDIKAN JASMANI, OLAH RAGA & KESEHATAN', 'MM'),
(5011505, 'SIMULASI DAN KOMUNIKASI DIGITAL', 'MM'),
(5012505, 'FISIKA', 'MM'),
(5013505, 'KIMIA', 'MM'),
(5014505, 'SISTEM KOMPUTER', 'MM'),
(5015505, 'KOMPUTER DAN JARINGAN DASAR', 'MM'),
(5016505, 'PEMROGRAMAN DASAR', 'MM'),
(5017505, 'DASAR DESAIN GRAFIS', 'MM'),
(5018505, 'DESAIN GRAFIS PERCETAKAN', 'MM'),
(5019505, 'DESAIN MEDIA INTERAKTIF', 'MM'),
(5020505, 'ANIMASI 2D DAN 3D', 'MM'),
(5021505, 'TEKNIK PENGOLAHAN AUDIO DAN VIDEO', 'MM'),
(5022505, 'PRODUK KREATIF DAN KEWIRAUSAHAAN', 'MM');

-- --------------------------------------------------------

--
-- Table structure for table `a_siswa`
--

CREATE TABLE `a_siswa` (
  `id` int(11) NOT NULL,
  `no_peserta` varchar(128) NOT NULL,
  `nama_siswa` varchar(512) NOT NULL,
  `kelas` varchar(16) NOT NULL,
  `jurusan` varchar(8) NOT NULL,
  `username` varchar(128) NOT NULL,
  `password` varchar(128) NOT NULL
) ENGINE=InnoDB DEFAULT CHARSET=utf8mb4;

--
-- Dumping data for table `a_siswa`
--

INSERT INTO `a_siswa` (`id`, `no_peserta`, `nama_siswa`, `kelas`, `jurusan`, `username`, `password`) VALUES
(1001, 'K010300981001', 'ADITYA NURUL FIKRI', '1001201', 'AKL', 'K010300981001', 'SMKTHBISA2022'),
(1002, 'K010300981002', 'ALIYA INDRIYANI PUTRI', '1001201', 'AKL', 'K010300981002', 'SMKTHBISA2022'),
(1003, 'K010300981003', 'ALYA NASYWA KHAERANI', '1001201', 'AKL', 'K010300981003', 'SMKTHBISA2022'),
(1004, 'K010300981004', 'AMRAN DANY', '1001201', 'AKL', 'K010300981004', 'SMKTHBISA2022'),
(1005, 'K010300981005', 'BAGUS ARIEF SAPUTRA', '1001201', 'AKL', 'K010300981005', 'SMKTHBISA2022'),
(1006, 'K010300981006', 'CATERINE NATALIA TEJA', '1001201', 'AKL', 'K010300981006', 'SMKTHBISA2022'),
(1007, 'K010300981007', 'CICI HERDIANTI', '1001201', 'AKL', 'K010300981007', 'SMKTHBISA2022'),
(1008, 'K010300981008', 'DAVID UMAR HAMZAH', '1001201', 'AKL', 'K010300981008', 'SMKTHBISA2022'),
(1009, 'K010300981009', 'DHEASY NOVITA KUSUMA YETI', '1001201', 'AKL', 'K010300981009', 'SMKTHBISA2022'),
(1010, 'K010300981010', 'INDI NOVI TRIANI', '1001201', 'AKL', 'K010300981010', 'SMKTHBISA2022'),
(1011, 'K010300981011', 'INTAN HESTIYANA', '1001201', 'AKL', 'K010300981011', 'SMKTHBISA2022'),
(1012, 'K010300981012', 'MARCEL EDHI SUTIKNA', '1001201', 'AKL', 'K010300981012', 'SMKTHBISA2022'),
(1013, 'K010300981013', 'NABILAH INTAN NURAINI', '1001201', 'AKL', 'K010300981013', 'SMKTHBISA2022'),
(1014, 'K010300981014', 'NAILATUSY ARIBAH TASIMA', '1001201', 'AKL', 'K010300981014', 'SMKTHBISA2022'),
(1015, 'K010300981015', 'NATASYA ANANDA SANTOSO', '1001201', 'AKL', 'K010300981015', 'SMKTHBISA2022'),
(1016, 'K010300981016', 'NAZWA AULIA SALSABILLA', '1001201', 'AKL', 'K010300981016', 'SMKTHBISA2022'),
(1017, 'K010300981017', 'NIDA KHOIRURRAHMAH', '1001201', 'AKL', 'K010300981017', 'SMKTHBISA2022'),
(1018, 'K010300981018', 'RAMANDA OKTAVIANI', '1001201', 'AKL', 'K010300981018', 'SMKTHBISA2022'),
(1019, 'K010300981019', 'RAMDZAN MULIAWAN TRAH SAPUTRA', '1001201', 'AKL', 'K010300981019', 'SMKTHBISA2022'),
(1020, 'K010300981020', 'SADIAH', '1001201', 'AKL', 'K010300981020', 'SMKTHBISA2022'),
(1021, 'K010300981021', 'SHEREN FEBRIANI', '1001201', 'AKL', 'K010300981021', 'SMKTHBISA2022'),
(1022, 'K010300981022', 'STEVANI PUTRI WIJAYA', '1001201', 'AKL', 'K010300981022', 'SMKTHBISA2022'),
(1023, 'K010300981023', 'TIARA PUSPITA SARI', '1001201', 'AKL', 'K010300981023', 'SMKTHBISA2022'),
(1024, 'K010300981024', 'VANI HARIYANTI', '1001201', 'AKL', 'K010300981024', 'SMKTHBISA2022'),
(1025, 'K010300981025', 'ADITYA PRATAMA', '1002164', 'AKL', 'K010300981025', 'SMKTHBISA2022'),
(1026, 'K010300981026', 'ADUTA BAYHAQI', '1002164', 'AKL', 'K010300981026', 'SMKTHBISA2022'),
(1027, 'K010300981027', 'AHMAD RIDWAN', '1002164', 'AKL', 'K010300981027', 'SMKTHBISA2022'),
(1028, 'K010300981028', 'ANIN DWI RAHMAWATI', '1002164', 'AKL', 'K010300981028', 'SMKTHBISA2022'),
(1029, 'K010300981029', 'AULIA DZURUN NAFIS', '1002164', 'AKL', 'K010300981029', 'SMKTHBISA2022'),
(1030, 'K010300981030', 'CHERRYL DEANDYA KHALISHAH', '1002164', 'AKL', 'K010300981030', 'SMKTHBISA2022'),
(1031, 'K010300981031', 'DEWI PURNAMA SARI', '1002164', 'AKL', 'K010300981031', 'SMKTHBISA2022'),
(1032, 'K010300981032', 'DWI PRAMBANDARI', '1002164', 'AKL', 'K010300981032', 'SMKTHBISA2022'),
(1033, 'K010300981033', 'ERIKA ILMANISA', '1002164', 'AKL', 'K010300981033', 'SMKTHBISA2022'),
(1034, 'K010300981034', 'INEU SANTIKA', '1002164', 'AKL', 'K010300981034', 'SMKTHBISA2022'),
(1035, 'K010300981035', 'INTAN MAHARANI', '1002164', 'AKL', 'K010300981035', 'SMKTHBISA2022'),
(1036, 'K010300981036', 'IRWANSYAH', '1002164', 'AKL', 'K010300981036', 'SMKTHBISA2022'),
(1037, 'K010300981037', 'MUHAMMAD YUSUF FADLAN', '1002164', 'AKL', 'K010300981037', 'SMKTHBISA2022'),
(1038, 'K010300981038', 'NANDA AULYA ARIYANDI', '1002164', 'AKL', 'K010300981038', 'SMKTHBISA2022'),
(1039, 'K010300981039', 'NATASYA PELITA RAMADHANI', '1002164', 'AKL', 'K010300981039', 'SMKTHBISA2022'),
(1040, 'K010300981040', 'NAURAH SASMITA PUTRI', '1002164', 'AKL', 'K010300981040', 'SMKTHBISA2022'),
(1041, 'K010300981041', 'NAYLA PUTRI RAHARI', '1002164', 'AKL', 'K010300981041', 'SMKTHBISA2022'),
(1042, 'K010300981042', 'NISA UL HASANAH', '1002164', 'AKL', 'K010300981042', 'SMKTHBISA2022'),
(1043, 'K010300981043', 'ORYSA SATIVA', '1002164', 'AKL', 'K010300981043', 'SMKTHBISA2022'),
(1044, 'K010300981044', 'RIVAL WAHYUDIN', '1002164', 'AKL', 'K010300981044', 'SMKTHBISA2022'),
(1045, 'K010300981045', 'RIZKY DWI KARNADI', '1002164', 'AKL', 'K010300981045', 'SMKTHBISA2022'),
(1046, 'K010300981046', 'SARAH AULIYA', '1002164', 'AKL', 'K010300981046', 'SMKTHBISA2022'),
(1047, 'K010300981047', 'SATRIA PUTRA', '1002164', 'AKL', 'K010300981047', 'SMKTHBISA2022'),
(1048, 'K010300981048', 'SELO GIRI ADJI PANGESTU', '1002164', 'AKL', 'K010300981048', 'SMKTHBISA2022'),
(1049, 'K010300981049', 'WULAN SUCI PUSPITASARI', '1002164', 'AKL', 'K010300981049', 'SMKTHBISA2022'),
(1050, 'K010300981050', 'WULAN TARI', '1002164', 'AKL', 'K010300981050', 'SMKTHBISA2022'),
(1051, 'K010300981051', 'AKBAR SADEWA', '1003393', 'BDP', 'K010300981051', 'SMKTHBISA2022'),
(1052, 'K010300981052', 'ARDIONA ATTA SAPUTRA', '1003393', 'BDP', 'K010300981052', 'SMKTHBISA2022'),
(1053, 'K010300981053', 'BRILLIANT MUHAMMAD PRANAYA', '1003393', 'BDP', 'K010300981053', 'SMKTHBISA2022'),
(1054, 'K010300981054', 'CHINDY WULAN SARI ', '1003393', 'BDP', 'K010300981054', 'SMKTHBISA2022'),
(1055, 'K010300981055', 'DAYDAEL RAHMAT PRIHARTONO', '1003393', 'BDP', 'K010300981055', 'SMKTHBISA2022'),
(1056, 'K010300981056', 'DEVINNA CHRISTIANAH', '1003393', 'BDP', 'K010300981056', 'SMKTHBISA2022'),
(1057, 'K010300981057', 'DIKI MUZALFA', '1003393', 'BDP', 'K010300981057', 'SMKTHBISA2022'),
(1058, 'K010300981058', 'FIONA FASTAG FARA', '1003393', 'BDP', 'K010300981058', 'SMKTHBISA2022'),
(1059, 'K010300981059', 'GURUH PRIYANDONO', '1003393', 'BDP', 'K010300981059', 'SMKTHBISA2022'),
(1060, 'K010300981060', 'KEISYA DWI AMELIA', '1003393', 'BDP', 'K010300981060', 'SMKTHBISA2022'),
(1061, 'K010300981061', 'MARCELLINO ADI PRATAMA', '1003393', 'BDP', 'K010300981061', 'SMKTHBISA2022'),
(1062, 'K010300981062', 'MIFTAHUL SAPUTRA', '1003393', 'BDP', 'K010300981062', 'SMKTHBISA2022'),
(1063, 'K010300981063', 'MUHAMAD RIANSYAH', '1003393', 'BDP', 'K010300981063', 'SMKTHBISA2022'),
(1064, 'K010300981064', 'MUHAMAD ROZAK', '1003393', 'BDP', 'K010300981064', 'SMKTHBISA2022'),
(1065, 'K010300981065', 'MUHAMMAD DAFFA ANSORI', '1003393', 'BDP', 'K010300981065', 'SMKTHBISA2022'),
(1066, 'K010300981066', 'SELVIA ELVINA DARAPUSPITA', '1003393', 'BDP', 'K010300981066', 'SMKTHBISA2022'),
(1067, 'K010300981067', 'SHANDY PUTRA IRWANSYAH', '1003393', 'BDP', 'K010300981067', 'SMKTHBISA2022'),
(1068, 'K010300981068', 'SHOHAIH AGYL SAPUTRA', '1003393', 'BDP', 'K010300981068', 'SMKTHBISA2022'),
(1069, 'K010300981069', 'TISYA OCTAVIA RAMADHANI', '1003393', 'BDP', 'K010300981069', 'SMKTHBISA2022'),
(1070, 'K010300981070', 'YOEDI', '1003393', 'BDP', 'K010300981070', 'SMKTHBISA2022'),
(1071, 'K010300981071', 'ANDHIKA DIAN SAPUTRA', '1003393', 'BDP', 'K010300981071', 'SMKTHBISA2022'),
(1072, 'K010300981072', 'ANDRE YULIANTO', '1003393', 'BDP', 'K010300981072', 'SMKTHBISA2022'),
(1073, 'K010300981073', 'AULIA ANDINI', '1003393', 'BDP', 'K010300981073', 'SMKTHBISA2022'),
(1074, 'K010300981074', 'BAHRUDIN SIROTH', '1003393', 'BDP', 'K010300981074', 'SMKTHBISA2022'),
(1075, 'K010300981075', 'DIANA FEBRIASTUTI', '1003393', 'BDP', 'K010300981075', 'SMKTHBISA2022'),
(1076, 'K010300981076', 'DINI AULIA', '1003393', 'BDP', 'K010300981076', 'SMKTHBISA2022'),
(1077, 'K010300981077', 'FAKHRIY PUTRA MAULANA', '1003393', 'BDP', 'K010300981077', 'SMKTHBISA2022'),
(1078, 'K010300981078', 'HAFISTH IKHSAN MAULANA', '1003393', 'BDP', 'K010300981078', 'SMKTHBISA2022'),
(1079, 'K010300981079', 'JUNEDI', '1003393', 'BDP', 'K010300981079', 'SMKTHBISA2022'),
(1080, 'K010300981080', 'M. SYAH HABIANTO', '1003393', 'BDP', 'K010300981080', 'SMKTHBISA2022'),
(1081, 'K010300981081', 'MUHAMAD RAKA HADI SANJAYA', '1003393', 'BDP', 'K010300981081', 'SMKTHBISA2022'),
(1082, 'K010300981082', 'MUHAMMAD DAFFA', '1003393', 'BDP', 'K010300981082', 'SMKTHBISA2022'),
(1083, 'K010300981083', 'NUR KHOLIS HENDAR', '1003393', 'BDP', 'K010300981083', 'SMKTHBISA2022'),
(1084, 'K010300981084', 'PENDI NUR SETIYAWAN', '1003393', 'BDP', 'K010300981084', 'SMKTHBISA2022'),
(1085, 'K010300981085', 'RAMA ADLI ALFIAN', '1003393', 'BDP', 'K010300981085', 'SMKTHBISA2022'),
(1086, 'K010300981086', 'RIZKI ANANDA PRASETIA', '1003393', 'BDP', 'K010300981086', 'SMKTHBISA2022'),
(1087, 'K010300981087', 'SAHRULDIN', '1003393', 'BDP', 'K010300981087', 'SMKTHBISA2022'),
(1088, 'K010300981088', 'SAVIRA ZAHRA', '1003393', 'BDP', 'K010300981088', 'SMKTHBISA2022'),
(1089, 'K010300981089', 'SELVY AYU DAVISTA', '1003393', 'BDP', 'K010300981089', 'SMKTHBISA2022'),
(1090, 'K010300981090', 'SIDIK DWI MUNAHZAR', '1003393', 'BDP', 'K010300981090', 'SMKTHBISA2022'),
(1091, 'K010300981091', 'SYIFATUL HASANAH', '1003393', 'BDP', 'K010300981091', 'SMKTHBISA2022'),
(1092, 'K010300981092', 'ADELIA ANGRAINI ZAHRA', '1005908', 'OTKP', 'K010300981092', 'SMKTHBISA2022'),
(1093, 'K010300981093', 'AGNES PASKA TAMBUNAN', '1005908', 'OTKP', 'K010300981093', 'SMKTHBISA2022'),
(1094, 'K010300981094', 'ALIVIA SUCI RAMADHANI', '1005908', 'OTKP', 'K010300981094', 'SMKTHBISA2022'),
(1095, 'K010300981095', 'AMANDA PUTRI SITIO', '1005908', 'OTKP', 'K010300981095', 'SMKTHBISA2022'),
(1096, 'K010300981096', 'AMANDA YULIA PERMATA SARI', '1005908', 'OTKP', 'K010300981096', 'SMKTHBISA2022'),
(1097, 'K010300981097', 'ANISA DINI AYU AGUSTIN', '1005908', 'OTKP', 'K010300981097', 'SMKTHBISA2022'),
(1098, 'K010300981098', 'ARTIKASARI', '1005908', 'OTKP', 'K010300981098', 'SMKTHBISA2022'),
(1099, 'K010300981099', 'AWALIA PUTRI', '1005908', 'OTKP', 'K010300981099', 'SMKTHBISA2022'),
(1100, 'K010300981100', 'DELLY PUSPITA SARI', '1005908', 'OTKP', 'K010300981100', 'SMKTHBISA2022'),
(1101, 'K010300981101', 'DEWI SHINTA WIJAYA', '1005908', 'OTKP', 'K010300981101', 'SMKTHBISA2022'),
(1102, 'K010300981102', 'DIFA AISYAH PUTRI', '1005908', 'OTKP', 'K010300981102', 'SMKTHBISA2022'),
(1103, 'K010300981103', 'ELSA APRILIA SAFITRI', '1005908', 'OTKP', 'K010300981103', 'SMKTHBISA2022'),
(1104, 'K010300981104', 'FANNY DWI MUNAENI', '1005908', 'OTKP', 'K010300981104', 'SMKTHBISA2022'),
(1105, 'K010300981105', 'FRIDA SIWI MAYSAWATI', '1005908', 'OTKP', 'K010300981105', 'SMKTHBISA2022'),
(1106, 'K010300981106', 'HARTANTI WIJAYA', '1005908', 'OTKP', 'K010300981106', 'SMKTHBISA2022'),
(1107, 'K010300981107', 'JESICA TRISIA PUTRI', '1005908', 'OTKP', 'K010300981107', 'SMKTHBISA2022'),
(1108, 'K010300981108', 'KALISA NABILA', '1005908', 'OTKP', 'K010300981108', 'SMKTHBISA2022'),
(1109, 'K010300981109', 'LAILAH NURJANAH', '1005908', 'OTKP', 'K010300981109', 'SMKTHBISA2022'),
(1110, 'K010300981110', 'MARSELLINA', '1005908', 'OTKP', 'K010300981110', 'SMKTHBISA2022'),
(1111, 'K010300981111', 'MEI RIYANTI', '1005908', 'OTKP', 'K010300981111', 'SMKTHBISA2022'),
(1112, 'K010300981112', 'NABILA MUKHTAR', '1005908', 'OTKP', 'K010300981112', 'SMKTHBISA2022'),
(1113, 'K010300981113', 'NAGITA ZAHARANI', '1005908', 'OTKP', 'K010300981113', 'SMKTHBISA2022'),
(1114, 'K010300981114', 'NAJWA INDAH LESTARI', '1005908', 'OTKP', 'K010300981114', 'SMKTHBISA2022'),
(1115, 'K010300981115', 'NATASYA ALAWIYAH', '1005908', 'OTKP', 'K010300981115', 'SMKTHBISA2022'),
(1116, 'K010300981116', 'NURUL ZHAHRANI', '1005908', 'OTKP', 'K010300981116', 'SMKTHBISA2022'),
(1117, 'K010300981117', 'RISTY INDRIANI PUTRI', '1005908', 'OTKP', 'K010300981117', 'SMKTHBISA2022'),
(1118, 'K010300981118', 'SALSA ZULFA HISANAH', '1005908', 'OTKP', 'K010300981118', 'SMKTHBISA2022'),
(1119, 'K010300981119', 'SEFHIA MAHARANI', '1005908', 'OTKP', 'K010300981119', 'SMKTHBISA2022'),
(1120, 'K010300981120', 'SILVIANA NUGRAHA', '1005908', 'OTKP', 'K010300981120', 'SMKTHBISA2022'),
(1121, 'K010300981121', 'SILVIE', '1005908', 'OTKP', 'K010300981121', 'SMKTHBISA2022'),
(1122, 'K010300981122', 'SITI TWANTI', '1005908', 'OTKP', 'K010300981122', 'SMKTHBISA2022'),
(1123, 'K010300981123', 'SOFHIANA PUTRI SUTRISNO', '1005908', 'OTKP', 'K010300981123', 'SMKTHBISA2022'),
(1124, 'K010300981124', 'VIVIAN CORNELIA SETIAWAN', '1005908', 'OTKP', 'K010300981124', 'SMKTHBISA2022'),
(1125, 'K010300981125', 'ADELIA ZAHRA KHIRANA', '1006754', 'OTKP', 'K010300981125', 'SMKTHBISA2022'),
(1126, 'K010300981126', 'AMANDA NURMALA', '1006754', 'OTKP', 'K010300981126', 'SMKTHBISA2022'),
(1127, 'K010300981127', 'ANIS SYAHIIDAH MEILANI', '1006754', 'OTKP', 'K010300981127', 'SMKTHBISA2022'),
(1128, 'K010300981128', 'ANISSA', '1006754', 'OTKP', 'K010300981128', 'SMKTHBISA2022'),
(1129, 'K010300981129', 'ASHA SHARA APRIANA', '1006754', 'OTKP', 'K010300981129', 'SMKTHBISA2022'),
(1130, 'K010300981130', 'AZ ZAHRA ZIDNI NAYSABILLA', '1006754', 'OTKP', 'K010300981130', 'SMKTHBISA2022'),
(1131, 'K010300981131', 'DEA RAHMA ALYA', '1006754', 'OTKP', 'K010300981131', 'SMKTHBISA2022'),
(1132, 'K010300981132', 'DHEA RAHMAWATI', '1006754', 'OTKP', 'K010300981132', 'SMKTHBISA2022'),
(1133, 'K010300981133', 'FIKA DAVILA', '1006754', 'OTKP', 'K010300981133', 'SMKTHBISA2022'),
(1134, 'K010300981134', 'FLORA CINDY AULIA', '1006754', 'OTKP', 'K010300981134', 'SMKTHBISA2022'),
(1135, 'K010300981135', 'IRMA SEPTIANI IRWANSYAH', '1006754', 'OTKP', 'K010300981135', 'SMKTHBISA2022'),
(1136, 'K010300981136', 'KHUSNUL KHOTIMATUL ZAHRA', '1006754', 'OTKP', 'K010300981136', 'SMKTHBISA2022'),
(1137, 'K010300981137', 'NABILA PUTRI SETIAWAN', '1006754', 'OTKP', 'K010300981137', 'SMKTHBISA2022'),
(1138, 'K010300981138', 'NABILA SEPTYANA DEWI', '1006754', 'OTKP', 'K010300981138', 'SMKTHBISA2022'),
(1139, 'K010300981139', 'NABYLA', '1006754', 'OTKP', 'K010300981139', 'SMKTHBISA2022'),
(1140, 'K010300981140', 'NANDITA PUTRI RAMADHANI', '1006754', 'OTKP', 'K010300981140', 'SMKTHBISA2022'),
(1141, 'K010300981141', 'NEZA CHARLITA', '1006754', 'OTKP', 'K010300981141', 'SMKTHBISA2022'),
(1142, 'K010300981142', 'NIMAS NUR YAUMI', '1006754', 'OTKP', 'K010300981142', 'SMKTHBISA2022'),
(1143, 'K010300981143', 'NIRMALASARI', '1006754', 'OTKP', 'K010300981143', 'SMKTHBISA2022'),
(1144, 'K010300981144', 'NOVIA AMANDA', '1006754', 'OTKP', 'K010300981144', 'SMKTHBISA2022'),
(1145, 'K010300981145', 'NURHIKMAH', '1006754', 'OTKP', 'K010300981145', 'SMKTHBISA2022'),
(1146, 'K010300981146', 'PUTRI AYU WULANDARI', '1006754', 'OTKP', 'K010300981146', 'SMKTHBISA2022'),
(1147, 'K010300981147', 'RATNA DILAH', '1006754', 'OTKP', 'K010300981147', 'SMKTHBISA2022'),
(1148, 'K010300981148', 'RINI NURBAITI', '1006754', 'OTKP', 'K010300981148', 'SMKTHBISA2022'),
(1149, 'K010300981149', 'RIYANTI WAFIQ AZIZAH', '1006754', 'OTKP', 'K010300981149', 'SMKTHBISA2022'),
(1150, 'K010300981150', 'SALSABILA NURUL FITRI', '1006754', 'OTKP', 'K010300981150', 'SMKTHBISA2022'),
(1151, 'K010300981151', 'SITI MUTIARA WARDAH', '1006754', 'OTKP', 'K010300981151', 'SMKTHBISA2022'),
(1152, 'K010300981152', 'SYAIRA RANI ASMARI PUTRI', '1006754', 'OTKP', 'K010300981152', 'SMKTHBISA2022'),
(1153, 'K010300981153', 'TASYA MUT\'ALIFAH ', '1006754', 'OTKP', 'K010300981153', 'SMKTHBISA2022'),
(1154, 'K010300981154', 'TRIA KARTINI WAHYUDI', '1006754', 'OTKP', 'K010300981154', 'SMKTHBISA2022'),
(1155, 'K010300981155', 'WINDA AULIA', '1006754', 'OTKP', 'K010300981155', 'SMKTHBISA2022'),
(1156, 'K010300981156', 'WINDA RESTU FALIHA', '1006754', 'OTKP', 'K010300981156', 'SMKTHBISA2022'),
(1157, 'K010300981157', 'ADI PRATAMA', '1007323', 'TKJ', 'K010300981157', 'SMKTHBISA2022'),
(1158, 'K010300981158', 'AGUNG RAMADHAN', '1007323', 'TKJ', 'K010300981158', 'SMKTHBISA2022'),
(1159, 'K010300981159', 'AHMAD AGUS TAWAKAL', '1007323', 'TKJ', 'K010300981159', 'SMKTHBISA2022'),
(1160, 'K010300981160', 'ALBERTINUS SABAM SILAEN', '1007323', 'TKJ', 'K010300981160', 'SMKTHBISA2022'),
(1161, 'K010300981161', 'ALFIAN FEBRIYANTO', '1007323', 'TKJ', 'K010300981161', 'SMKTHBISA2022'),
(1162, 'K010300981162', 'ALFIAN NUR ILHAM', '1007323', 'TKJ', 'K010300981162', 'SMKTHBISA2022'),
(1163, 'K010300981163', 'ALPIN RAMADAN SETIAWAN', '1007323', 'TKJ', 'K010300981163', 'SMKTHBISA2022'),
(1164, 'K010300981164', 'DENTA FITRI NOVIANI', '1007323', 'TKJ', 'K010300981164', 'SMKTHBISA2022'),
(1165, 'K010300981165', 'EGI KURNIA', '1007323', 'TKJ', 'K010300981165', 'SMKTHBISA2022'),
(1166, 'K010300981166', 'EGNER CONSTANTIN', '1007323', 'TKJ', 'K010300981166', 'SMKTHBISA2022'),
(1167, 'K010300981167', 'ERICH JALEMBA JUNIARTA', '1007323', 'TKJ', 'K010300981167', 'SMKTHBISA2022'),
(1168, 'K010300981168', 'FADLY ERLANGGA', '1007323', 'TKJ', 'K010300981168', 'SMKTHBISA2022'),
(1169, 'K010300981169', 'FATHYA AULIA', '1007323', 'TKJ', 'K010300981169', 'SMKTHBISA2022'),
(1170, 'K010300981170', 'FIKHAR HADISAPUTRA', '1007323', 'TKJ', 'K010300981170', 'SMKTHBISA2022'),
(1171, 'K010300981171', 'FRANS LEONARDO HADIWINATA', '1007323', 'TKJ', 'K010300981171', 'SMKTHBISA2022'),
(1172, 'K010300981172', 'GILANG MAULANA AKBAR', '1007323', 'TKJ', 'K010300981172', 'SMKTHBISA2022'),
(1173, 'K010300981173', 'HAFIDZ SYAHPUTRO', '1007323', 'TKJ', 'K010300981173', 'SMKTHBISA2022'),
(1174, 'K010300981174', 'KELVIN OKTA RAMADHAN', '1007323', 'TKJ', 'K010300981174', 'SMKTHBISA2022'),
(1175, 'K010300981175', 'MAULANA IKSAN', '1007323', 'TKJ', 'K010300981175', 'SMKTHBISA2022'),
(1176, 'K010300981176', 'MOHAMAD RIZKI', '1007323', 'TKJ', 'K010300981176', 'SMKTHBISA2022'),
(1177, 'K010300981177', 'MUHAMAD SUBASTIAN', '1007323', 'TKJ', 'K010300981177', 'SMKTHBISA2022'),
(1178, 'K010300981178', 'MUHAMMAD ANGGI SAPUTRA', '1007323', 'TKJ', 'K010300981178', 'SMKTHBISA2022'),
(1179, 'K010300981179', 'MUHAMMAD DAFFI', '1007323', 'TKJ', 'K010300981179', 'SMKTHBISA2022'),
(1180, 'K010300981180', 'MUHAMMAD NUR ARIFIN', '1007323', 'TKJ', 'K010300981180', 'SMKTHBISA2022'),
(1181, 'K010300981181', 'MUHAMMAD RIZKY AL AKBAR', '1007323', 'TKJ', 'K010300981181', 'SMKTHBISA2022'),
(1182, 'K010300981182', 'NOVAL RAMADAN', '1007323', 'TKJ', 'K010300981182', 'SMKTHBISA2022'),
(1183, 'K010300981183', 'NOVEL SYAHPUTRA HALIM', '1007323', 'TKJ', 'K010300981183', 'SMKTHBISA2022'),
(1184, 'K010300981184', 'PANJI RAHMADI', '1007323', 'TKJ', 'K010300981184', 'SMKTHBISA2022'),
(1185, 'K010300981185', 'RADIS SETIAWAN', '1007323', 'TKJ', 'K010300981185', 'SMKTHBISA2022'),
(1186, 'K010300981186', 'RAFA MAULANA ARDIANSYAH', '1007323', 'TKJ', 'K010300981186', 'SMKTHBISA2022'),
(1187, 'K010300981187', 'RAFLI AGUNG PRAYOGA', '1007323', 'TKJ', 'K010300981187', 'SMKTHBISA2022'),
(1188, 'K010300981188', 'SIGIT NURCAHYONO', '1007323', 'TKJ', 'K010300981188', 'SMKTHBISA2022'),
(1189, 'K010300981189', 'TYO RIYADI SYAPUTRA', '1007323', 'TKJ', 'K010300981189', 'SMKTHBISA2022'),
(1190, 'K010300981190', 'YULIO LUKAS ADRIANO HUTAGAOL', '1007323', 'TKJ', 'K010300981190', 'SMKTHBISA2022'),
(1191, 'K010300981191', 'ZIDAN RIZKY RAMADHAN', '1007323', 'TKJ', 'K010300981191', 'SMKTHBISA2022'),
(1192, 'K010300981192', 'ADE IRSAD ABIDIN', '1008634', 'TKJ', 'K010300981192', 'SMKTHBISA2022'),
(1193, 'K010300981193', 'AFRIZAL ARDIANSYAH', '1008634', 'TKJ', 'K010300981193', 'SMKTHBISA2022'),
(1194, 'K010300981194', 'ALBASRAH MOHAMAD SALEH RAGO', '1008634', 'TKJ', 'K010300981194', 'SMKTHBISA2022'),
(1195, 'K010300981195', 'ALDI AWALUDIN', '1008634', 'TKJ', 'K010300981195', 'SMKTHBISA2022'),
(1196, 'K010300981196', 'ANDIKA', '1008634', 'TKJ', 'K010300981196', 'SMKTHBISA2022'),
(1197, 'K010300981197', 'ARDESTA KURNIAWAN', '1008634', 'TKJ', 'K010300981197', 'SMKTHBISA2022'),
(1198, 'K010300981198', 'ARDI DANU ANGGARA', '1008634', 'TKJ', 'K010300981198', 'SMKTHBISA2022'),
(1199, 'K010300981199', 'ARIEL ILHAMI', '1008634', 'TKJ', 'K010300981199', 'SMKTHBISA2022'),
(1200, 'K010300981200', 'BAYU SAPUTRA', '1008634', 'TKJ', 'K010300981200', 'SMKTHBISA2022'),
(1201, 'K010300981201', 'DAMARUDIN', '1008634', 'TKJ', 'K010300981201', 'SMKTHBISA2022'),
(1202, 'K010300981202', 'DEDI MARDIYANSAH', '1008634', 'TKJ', 'K010300981202', 'SMKTHBISA2022'),
(1203, 'K010300981203', 'DEVFRAN ADITYA SUHERNO PUTRA', '1008634', 'TKJ', 'K010300981203', 'SMKTHBISA2022'),
(1204, 'K010300981204', 'DHIMAS KURNIAWAN BASORI', '1008634', 'TKJ', 'K010300981204', 'SMKTHBISA2022'),
(1205, 'K010300981205', 'DIKI RAMADAN', '1008634', 'TKJ', 'K010300981205', 'SMKTHBISA2022'),
(1206, 'K010300981206', 'FAJAR NUGRAHA', '1008634', 'TKJ', 'K010300981206', 'SMKTHBISA2022'),
(1207, 'K010300981207', 'FIKRI FAHREZA', '1008634', 'TKJ', 'K010300981207', 'SMKTHBISA2022'),
(1208, 'K010300981208', 'FIRMANSYAH', '1008634', 'TKJ', 'K010300981208', 'SMKTHBISA2022'),
(1209, 'K010300981209', 'HABIB SUF\'YAN FADILLAH', '1008634', 'TKJ', 'K010300981209', 'SMKTHBISA2022'),
(1210, 'K010300981210', 'HAIKAL FIKRI NURWANTO', '1008634', 'TKJ', 'K010300981210', 'SMKTHBISA2022'),
(1211, 'K010300981211', 'I PT.GALIHANDRA REVA ULUM DINATA', '1008634', 'TKJ', 'K010300981211', 'SMKTHBISA2022'),
(1212, 'K010300981212', 'ILHAM RAHMATTULLOH', '1008634', 'TKJ', 'K010300981212', 'SMKTHBISA2022'),
(1213, 'K010300981213', 'INDAH FAAKHIRA SEBASTIAN', '1008634', 'TKJ', 'K010300981213', 'SMKTHBISA2022'),
(1214, 'K010300981214', 'KEFIN HIDAYAT', '1008634', 'TKJ', 'K010300981214', 'SMKTHBISA2022'),
(1215, 'K010300981215', 'MUHAMAD ARDIANSYAH', '1008634', 'TKJ', 'K010300981215', 'SMKTHBISA2022'),
(1216, 'K010300981216', 'MUHAMMAD MAULANA RAMDHANI', '1008634', 'TKJ', 'K010300981216', 'SMKTHBISA2022'),
(1217, 'K010300981217', 'MUHAMMAD NANDA FIRMANSYAH', '1008634', 'TKJ', 'K010300981217', 'SMKTHBISA2022'),
(1218, 'K010300981218', 'MUHAMMAD RIFKI RABBANI', '1008634', 'TKJ', 'K010300981218', 'SMKTHBISA2022'),
(1219, 'K010300981219', 'NADIA NURLITA', '1008634', 'TKJ', 'K010300981219', 'SMKTHBISA2022'),
(1220, 'K010300981220', 'PINDY AUGY SEPTIANU PUTRA', '1008634', 'TKJ', 'K010300981220', 'SMKTHBISA2022'),
(1221, 'K010300981221', 'PITON', '1008634', 'TKJ', 'K010300981221', 'SMKTHBISA2022'),
(1222, 'K010300981222', 'RIFQI AZHAR SAPUTRA', '1008634', 'TKJ', 'K010300981222', 'SMKTHBISA2022'),
(1223, 'K010300981223', 'RIZKY BAGASKORO', '1008634', 'TKJ', 'K010300981223', 'SMKTHBISA2022'),
(1224, 'K010300981224', 'ROFIQY MIRYAL AL MURTADHA', '1008634', 'TKJ', 'K010300981224', 'SMKTHBISA2022'),
(1225, 'K010300981225', 'SATRIAWAN TRIE SAPUTRA', '1008634', 'TKJ', 'K010300981225', 'SMKTHBISA2022'),
(1226, 'K010300981226', 'AHMAD SAPUTRA', '1009956', 'TKJ', 'K010300981226', 'SMKTHBISA2022'),
(1227, 'K010300981227', 'AKMAL FEBRYANSYAH', '1009956', 'TKJ', 'K010300981227', 'SMKTHBISA2022'),
(1228, 'K010300981228', 'ANDYKA PUTRA PRASETYA', '1009956', 'TKJ', 'K010300981228', 'SMKTHBISA2022'),
(1229, 'K010300981229', 'ANIS TIARAWATI', '1009956', 'TKJ', 'K010300981229', 'SMKTHBISA2022'),
(1230, 'K010300981230', 'ARMANDA PUTRA', '1009956', 'TKJ', 'K010300981230', 'SMKTHBISA2022'),
(1231, 'K010300981231', 'CHANDRA ANDIKA', '1009956', 'TKJ', 'K010300981231', 'SMKTHBISA2022'),
(1232, 'K010300981232', 'DAVI TRISNA PRASETYA', '1009956', 'TKJ', 'K010300981232', 'SMKTHBISA2022'),
(1233, 'K010300981233', 'DAVID HERMANSYAH', '1009956', 'TKJ', 'K010300981233', 'SMKTHBISA2022'),
(1234, 'K010300981234', 'DIAH SINTIA', '1009956', 'TKJ', 'K010300981234', 'SMKTHBISA2022'),
(1235, 'K010300981235', 'DIEGO RAFI GHATHFAAN', '1009956', 'TKJ', 'K010300981235', 'SMKTHBISA2022'),
(1236, 'K010300981236', 'FABRIAN AFRIANSYAH', '1009956', 'TKJ', 'K010300981236', 'SMKTHBISA2022'),
(1237, 'K010300981237', 'FARIJ ASHIDIQI', '1009956', 'TKJ', 'K010300981237', 'SMKTHBISA2022'),
(1238, 'K010300981238', 'FELIX ADIKA', '1009956', 'TKJ', 'K010300981238', 'SMKTHBISA2022'),
(1239, 'K010300981239', 'FICRI CHOIRUL IMAM', '1009956', 'TKJ', 'K010300981239', 'SMKTHBISA2022'),
(1240, 'K010300981240', 'FIRGIE HAFIANSYAH FAHREVI ', '1009956', 'TKJ', 'K010300981240', 'SMKTHBISA2022'),
(1241, 'K010300981241', 'GAFARA EKA FAHRIZA', '1009956', 'TKJ', 'K010300981241', 'SMKTHBISA2022'),
(1242, 'K010300981242', 'GHUFRON KHAIRULLAH', '1009956', 'TKJ', 'K010300981242', 'SMKTHBISA2022'),
(1243, 'K010300981243', 'KHARENAL ARDIANTONY', '1009956', 'TKJ', 'K010300981243', 'SMKTHBISA2022'),
(1244, 'K010300981244', 'MUHAMAD APRIANSYAH', '1009956', 'TKJ', 'K010300981244', 'SMKTHBISA2022'),
(1245, 'K010300981245', 'MUHAMAD CHAIRIEL', '1009956', 'TKJ', 'K010300981245', 'SMKTHBISA2022'),
(1246, 'K010300981246', 'MUHAMAD RIZKY', '1009956', 'TKJ', 'K010300981246', 'SMKTHBISA2022'),
(1247, 'K010300981247', 'MUHAMAD RIZKY FARIZAH', '1009956', 'TKJ', 'K010300981247', 'SMKTHBISA2022'),
(1248, 'K010300981248', 'MUHAMMAD AFDANY PUTRA WIJAYA', '1009956', 'TKJ', 'K010300981248', 'SMKTHBISA2022'),
(1249, 'K010300981249', 'MUHAMMAD ALFARIZA', '1009956', 'TKJ', 'K010300981249', 'SMKTHBISA2022'),
(1250, 'K010300981250', 'MUHAMMAD REZA BAGUS SAPUTRA', '1009956', 'TKJ', 'K010300981250', 'SMKTHBISA2022'),
(1251, 'K010300981251', 'MUHAMMAD RISKY', '1009956', 'TKJ', 'K010300981251', 'SMKTHBISA2022'),
(1252, 'K010300981252', 'NOVALLINO', '1009956', 'TKJ', 'K010300981252', 'SMKTHBISA2022'),
(1253, 'K010300981253', 'RAFLY RAMADHAN LESMANA', '1009956', 'TKJ', 'K010300981253', 'SMKTHBISA2022'),
(1254, 'K010300981254', 'RIFQI FADILLA DWIKA', '1009956', 'TKJ', 'K010300981254', 'SMKTHBISA2022'),
(1255, 'K010300981255', 'RISVAL ANGGRA RESTA', '1009956', 'TKJ', 'K010300981255', 'SMKTHBISA2022'),
(1256, 'K010300981256', 'RIYO', '1009956', 'TKJ', 'K010300981256', 'SMKTHBISA2022'),
(1257, 'K010300981257', 'SANDY PUTRA', '1009956', 'TKJ', 'K010300981257', 'SMKTHBISA2022'),
(1258, 'K010300981258', 'SYAHRIL SUGANDA SAPUTRA', '1009956', 'TKJ', 'K010300981258', 'SMKTHBISA2022'),
(1259, 'K010300981259', 'TUBAGUS ABU BAKAR ZEIN', '1009956', 'TKJ', 'K010300981259', 'SMKTHBISA2022'),
(1260, 'K010300981260', 'ANDREAS ADIANTO', '1010705', 'AKL', 'K010300981260', 'SMKTHBISA2022'),
(1261, 'K010300981261', 'AULIA FATIKA SARI', '1010705', 'AKL', 'K010300981261', 'SMKTHBISA2022'),
(1262, 'K010300981262', 'BINTANG RAMADHANI', '1010705', 'AKL', 'K010300981262', 'SMKTHBISA2022'),
(1263, 'K010300981263', 'CHOIRUL AKMAL HIDAYAT', '1010705', 'AKL', 'K010300981263', 'SMKTHBISA2022'),
(1264, 'K010300981264', 'DEA MARCELLANI', '1010705', 'AKL', 'K010300981264', 'SMKTHBISA2022'),
(1265, 'K010300981265', 'DESFIANAPUTRI WIDYARSANTI', '1010705', 'AKL', 'K010300981265', 'SMKTHBISA2022'),
(1266, 'K010300981266', 'DEVIANA FERNANDA ', '1010705', 'AKL', 'K010300981266', 'SMKTHBISA2022'),
(1267, 'K010300981267', 'FADILLAH ROHMAN', '1010705', 'AKL', 'K010300981267', 'SMKTHBISA2022'),
(1268, 'K010300981268', 'FAUZI WIBOWO', '1010705', 'AKL', 'K010300981268', 'SMKTHBISA2022'),
(1269, 'K010300981269', 'FERDIYANSAH', '1010705', 'AKL', 'K010300981269', 'SMKTHBISA2022'),
(1270, 'K010300981270', 'FITRI NUR INDRIANI', '1010705', 'AKL', 'K010300981270', 'SMKTHBISA2022'),
(1271, 'K010300981271', 'FITRI ZETIRA SALSA', '1010705', 'AKL', 'K010300981271', 'SMKTHBISA2022'),
(1272, 'K010300981272', 'HABIB YAZID FIKRIANSYAH', '1010705', 'AKL', 'K010300981272', 'SMKTHBISA2022'),
(1273, 'K010300981273', 'HANI ASTUTI', '1010705', 'AKL', 'K010300981273', 'SMKTHBISA2022'),
(1274, 'K010300981274', 'HELEN SETIABUDI', '1010705', 'AKL', 'K010300981274', 'SMKTHBISA2022'),
(1275, 'K010300981275', 'HERLINA SETIAWAN', '1010705', 'AKL', 'K010300981275', 'SMKTHBISA2022'),
(1276, 'K010300981276', 'ILMA AMALIA', '1010705', 'AKL', 'K010300981276', 'SMKTHBISA2022'),
(1277, 'K010300981277', 'IVANA CHANAFI', '1010705', 'AKL', 'K010300981277', 'SMKTHBISA2022'),
(1278, 'K010300981278', 'JOSIANA GARETZA', '1010705', 'AKL', 'K010300981278', 'SMKTHBISA2022'),
(1279, 'K010300981279', 'MAYDA CHANAFI', '1010705', 'AKL', 'K010300981279', 'SMKTHBISA2022'),
(1280, 'K010300981280', 'MUHAMAD RAFI EKA SAPUTRA', '1010705', 'AKL', 'K010300981280', 'SMKTHBISA2022'),
(1281, 'K010300981281', 'MUHAMMAD ARYA DIVA', '1010705', 'AKL', 'K010300981281', 'SMKTHBISA2022'),
(1282, 'K010300981282', 'NABILA APRILIA SANI', '1010705', 'AKL', 'K010300981282', 'SMKTHBISA2022'),
(1283, 'K010300981283', 'NAJWA SABILLA AMRI', '1010705', 'AKL', 'K010300981283', 'SMKTHBISA2022'),
(1284, 'K010300981284', 'NOVIA ADRIANA ELISANTY', '1010705', 'AKL', 'K010300981284', 'SMKTHBISA2022'),
(1285, 'K010300981285', 'RAFA MALIKI ARDIANSYAH', '1010705', 'AKL', 'K010300981285', 'SMKTHBISA2022'),
(1286, 'K010300981286', 'RAHMA SAECAR ROSSA LIANI', '1010705', 'AKL', 'K010300981286', 'SMKTHBISA2022'),
(1287, 'K010300981287', 'RAHMAH', '1010705', 'AKL', 'K010300981287', 'SMKTHBISA2022'),
(1288, 'K010300981288', 'RAKHEL MARYAM', '1010705', 'AKL', 'K010300981288', 'SMKTHBISA2022'),
(1289, 'K010300981289', 'RATU NUR AYUNINGTIAS', '1010705', 'AKL', 'K010300981289', 'SMKTHBISA2022'),
(1290, 'K010300981290', 'REVANI NADYA DESWIT', '1010705', 'AKL', 'K010300981290', 'SMKTHBISA2022'),
(1291, 'K010300981291', 'ROSY GUSRIA NINGRUM', '1010705', 'AKL', 'K010300981291', 'SMKTHBISA2022'),
(1292, 'K010300981292', 'SISKA AULIA WARYANTO', '1010705', 'AKL', 'K010300981292', 'SMKTHBISA2022'),
(1293, 'K010300981293', 'SITI POUJIYAN', '1010705', 'AKL', 'K010300981293', 'SMKTHBISA2022'),
(1294, 'K010300981294', 'SRI RAHAYU WANDIRAH', '1010705', 'AKL', 'K010300981294', 'SMKTHBISA2022'),
(1295, 'K010300981295', 'SURYANI', '1010705', 'AKL', 'K010300981295', 'SMKTHBISA2022'),
(1296, 'K010300981296', 'VANIA PUTRI WIJAYA', '1010705', 'AKL', 'K010300981296', 'SMKTHBISA2022'),
(1297, 'K010300981297', 'VIANA PATRICIA ANG', '1010705', 'AKL', 'K010300981297', 'SMKTHBISA2022'),
(1298, 'K010300981298', 'VIKKY PRIMA SUPELI', '1010705', 'AKL', 'K010300981298', 'SMKTHBISA2022'),
(1299, 'K010300981299', 'ZAHRA AMELIA PUTRI', '1010705', 'AKL', 'K010300981299', 'SMKTHBISA2022'),
(1300, 'K010300981300', 'ZAHRAH LUTFI FEBRIANA', '1010705', 'AKL', 'K010300981300', 'SMKTHBISA2022'),
(1301, 'K010300981301', 'AHMAD FAISAL RISALDI', '1011701', 'AKL', 'K010300981301', 'SMKTHBISA2022'),
(1302, 'K010300981302', 'AHMAD TRI APIYAN', '1011701', 'AKL', 'K010300981302', 'SMKTHBISA2022'),
(1303, 'K010300981303', 'ANDRI DWI KURNIAWAN', '1011701', 'AKL', 'K010300981303', 'SMKTHBISA2022'),
(1304, 'K010300981304', 'ARDIAN SYAH', '1011701', 'AKL', 'K010300981304', 'SMKTHBISA2022'),
(1305, 'K010300981305', 'ARIA KRISNA JOHAERI', '1011701', 'AKL', 'K010300981305', 'SMKTHBISA2022'),
(1306, 'K010300981306', 'CECE CUMAIDA', '1011701', 'AKL', 'K010300981306', 'SMKTHBISA2022'),
(1307, 'K010300981307', 'DESI WULANDARI', '1011701', 'AKL', 'K010300981307', 'SMKTHBISA2022'),
(1308, 'K010300981308', 'DEVA PUSPITASARI', '1011701', 'AKL', 'K010300981308', 'SMKTHBISA2022'),
(1309, 'K010300981309', 'DIAH PUTRI LESTARI', '1011701', 'AKL', 'K010300981309', 'SMKTHBISA2022'),
(1310, 'K010300981310', 'EKA ROHMAWATI', '1011701', 'AKL', 'K010300981310', 'SMKTHBISA2022'),
(1311, 'K010300981311', 'FELIANI MEI ASTUTI', '1011701', 'AKL', 'K010300981311', 'SMKTHBISA2022'),
(1312, 'K010300981312', 'FITRIANA', '1011701', 'AKL', 'K010300981312', 'SMKTHBISA2022'),
(1313, 'K010300981313', 'IIN RISKAWATI', '1011701', 'AKL', 'K010300981313', 'SMKTHBISA2022'),
(1314, 'K010300981314', 'LISTIAWATI', '1011701', 'AKL', 'K010300981314', 'SMKTHBISA2022'),
(1315, 'K010300981315', 'MANDA AGRISTINA', '1011701', 'AKL', 'K010300981315', 'SMKTHBISA2022'),
(1316, 'K010300981316', 'MARSELINA', '1011701', 'AKL', 'K010300981316', 'SMKTHBISA2022'),
(1317, 'K010300981317', 'MARSYA OLIVIA FARHAH', '1011701', 'AKL', 'K010300981317', 'SMKTHBISA2022'),
(1318, 'K010300981318', 'MAYA FIRDAUS SARI', '1011701', 'AKL', 'K010300981318', 'SMKTHBISA2022'),
(1319, 'K010300981319', 'MAYSEL FIDELA', '1011701', 'AKL', 'K010300981319', 'SMKTHBISA2022'),
(1320, 'K010300981320', 'MIRA YANTI', '1011701', 'AKL', 'K010300981320', 'SMKTHBISA2022'),
(1321, 'K010300981321', 'MOHAMAD ALDI HERDIANSAH', '1011701', 'AKL', 'K010300981321', 'SMKTHBISA2022'),
(1322, 'K010300981322', 'MUHAMAD MIFTAHUL A\'THO', '1011701', 'AKL', 'K010300981322', 'SMKTHBISA2022'),
(1323, 'K010300981323', 'NAZWA DWI FADILLAH', '1011701', 'AKL', 'K010300981323', 'SMKTHBISA2022'),
(1324, 'K010300981324', 'NITA AGUSTINA', '1011701', 'AKL', 'K010300981324', 'SMKTHBISA2022'),
(1325, 'K010300981325', 'NIYA LASITA', '1011701', 'AKL', 'K010300981325', 'SMKTHBISA2022'),
(1326, 'K010300981326', 'NUR KHOIRUNISA', '1011701', 'AKL', 'K010300981326', 'SMKTHBISA2022'),
(1327, 'K010300981327', 'PUTRI SELVIANA', '1011701', 'AKL', 'K010300981327', 'SMKTHBISA2022'),
(1328, 'K010300981328', 'RAYHAN MUHAMMAD DAFANSYAH', '1011701', 'AKL', 'K010300981328', 'SMKTHBISA2022'),
(1329, 'K010300981329', 'RENI MUTIA', '1011701', 'AKL', 'K010300981329', 'SMKTHBISA2022'),
(1330, 'K010300981330', 'REZA SHAFIRA WIJAYA', '1011701', 'AKL', 'K010300981330', 'SMKTHBISA2022'),
(1331, 'K010300981331', 'RINI ALFIYANI', '1011701', 'AKL', 'K010300981331', 'SMKTHBISA2022'),
(1332, 'K010300981332', 'RISKA NURUL KHOTIMAH', '1011701', 'AKL', 'K010300981332', 'SMKTHBISA2022'),
(1333, 'K010300981333', 'RISKI SETIAWAN', '1011701', 'AKL', 'K010300981333', 'SMKTHBISA2022'),
(1334, 'K010300981334', 'ROFAH', '1011701', 'AKL', 'K010300981334', 'SMKTHBISA2022'),
(1335, 'K010300981335', 'RYAN SEPTIAN', '1011701', 'AKL', 'K010300981335', 'SMKTHBISA2022'),
(1336, 'K010300981336', 'SEPTI AMINATUL CHASANAH', '1011701', 'AKL', 'K010300981336', 'SMKTHBISA2022'),
(1337, 'K010300981337', 'SUCI RIJKIA SARI', '1011701', 'AKL', 'K010300981337', 'SMKTHBISA2022'),
(1338, 'K010300981338', 'SYAVANA EKI FEBRIYANTI', '1011701', 'AKL', 'K010300981338', 'SMKTHBISA2022'),
(1339, 'K010300981339', 'THERESIA BUI HERA', '1011701', 'AKL', 'K010300981339', 'SMKTHBISA2022'),
(1340, 'K010300981340', 'ZAHRA AZIZAH DHAIFULLAH', '1011701', 'AKL', 'K010300981340', 'SMKTHBISA2022'),
(1341, 'K010300981341', 'ZAHRA NUR NABILA', '1011701', 'AKL', 'K010300981341', 'SMKTHBISA2022'),
(1342, 'K010300981342', 'ABDULLAH RIYAD', '1012907', 'BDP', 'K010300981342', 'SMKTHBISA2022'),
(1343, 'K010300981343', 'ANIS KARSELLA', '1012907', 'BDP', 'K010300981343', 'SMKTHBISA2022'),
(1344, 'K010300981344', 'AQIL IRBANI', '1012907', 'BDP', 'K010300981344', 'SMKTHBISA2022'),
(1345, 'K010300981345', 'DAVID ERIK HERMAWAN', '1012907', 'BDP', 'K010300981345', 'SMKTHBISA2022'),
(1346, 'K010300981346', 'DELLA NORMAYANTIKA', '1012907', 'BDP', 'K010300981346', 'SMKTHBISA2022'),
(1347, 'K010300981347', 'DENNIS RAFAEL', '1012907', 'BDP', 'K010300981347', 'SMKTHBISA2022'),
(1348, 'K010300981348', 'DEVIDA AULIA', '1012907', 'BDP', 'K010300981348', 'SMKTHBISA2022'),
(1349, 'K010300981349', 'DEVINA LORENZA KURNIA PUTRY', '1012907', 'BDP', 'K010300981349', 'SMKTHBISA2022'),
(1350, 'K010300981350', 'DINA CAHYANI', '1012907', 'BDP', 'K010300981350', 'SMKTHBISA2022'),
(1351, 'K010300981351', 'ELISA FEBRIYANTI', '1012907', 'BDP', 'K010300981351', 'SMKTHBISA2022'),
(1352, 'K010300981352', 'FADLY MUHAMAD NUGRAHA', '1012907', 'BDP', 'K010300981352', 'SMKTHBISA2022'),
(1353, 'K010300981353', 'FATMAH AYU', '1012907', 'BDP', 'K010300981353', 'SMKTHBISA2022'),
(1354, 'K010300981354', 'FEBRIAN FRANSIUS', '1012907', 'BDP', 'K010300981354', 'SMKTHBISA2022'),
(1355, 'K010300981355', 'FERIYAN SYAH', '1012907', 'BDP', 'K010300981355', 'SMKTHBISA2022'),
(1356, 'K010300981356', 'IQBAL ILHAM SYAH', '1012907', 'BDP', 'K010300981356', 'SMKTHBISA2022'),
(1357, 'K010300981357', 'KEZIA CAROLINA NONITEMA', '1012907', 'BDP', 'K010300981357', 'SMKTHBISA2022'),
(1358, 'K010300981358', 'MAYSIA LAURENT YOSEPHIN', '1012907', 'BDP', 'K010300981358', 'SMKTHBISA2022'),
(1359, 'K010300981359', 'MUHAMMAD AJI SURAHMAN', '1012907', 'BDP', 'K010300981359', 'SMKTHBISA2022'),
(1360, 'K010300981360', 'MUHAMMAD FIRDAUS', '1012907', 'BDP', 'K010300981360', 'SMKTHBISA2022'),
(1361, 'K010300981361', 'MUHAMMAD NOVAL ADITYA', '1012907', 'BDP', 'K010300981361', 'SMKTHBISA2022'),
(1362, 'K010300981362', 'MUHAMMAD REVALDI', '1012907', 'BDP', 'K010300981362', 'SMKTHBISA2022'),
(1363, 'K010300981363', 'MUSLIM AZIZ ABDILLAH', '1012907', 'BDP', 'K010300981363', 'SMKTHBISA2022'),
(1364, 'K010300981364', 'NABILA RIZKY TIRTANANDA', '1012907', 'BDP', 'K010300981364', 'SMKTHBISA2022'),
(1365, 'K010300981365', 'NICHOLAS', '1012907', 'BDP', 'K010300981365', 'SMKTHBISA2022'),
(1366, 'K010300981366', 'NUR INTAN AULIA RAHMADINAH', '1012907', 'BDP', 'K010300981366', 'SMKTHBISA2022'),
(1367, 'K010300981367', 'PENDI PRASETYO', '1012907', 'BDP', 'K010300981367', 'SMKTHBISA2022'),
(1368, 'K010300981368', 'PERNANDO SAPUTRA', '1012907', 'BDP', 'K010300981368', 'SMKTHBISA2022'),
(1369, 'K010300981369', 'PINGKAN LAILA OKTAVIANI', '1012907', 'BDP', 'K010300981369', 'SMKTHBISA2022'),
(1370, 'K010300981370', 'PRETI AUDIA', '1012907', 'BDP', 'K010300981370', 'SMKTHBISA2022'),
(1371, 'K010300981371', 'PUTRI', '1012907', 'BDP', 'K010300981371', 'SMKTHBISA2022'),
(1372, 'K010300981372', 'PUTRI ARIYANI', '1012907', 'BDP', 'K010300981372', 'SMKTHBISA2022'),
(1373, 'K010300981373', 'PUTRI AULIA', '1012907', 'BDP', 'K010300981373', 'SMKTHBISA2022'),
(1374, 'K010300981374', 'RAGIL NURIL ANWAR', '1012907', 'BDP', 'K010300981374', 'SMKTHBISA2022'),
(1375, 'K010300981375', 'RAHMA FITRIYANI', '1012907', 'BDP', 'K010300981375', 'SMKTHBISA2022'),
(1376, 'K010300981376', 'RINI RUSTRIMIATI', '1012907', 'BDP', 'K010300981376', 'SMKTHBISA2022'),
(1377, 'K010300981377', 'RIVALDI AFRIAN', '1012907', 'BDP', 'K010300981377', 'SMKTHBISA2022'),
(1378, 'K010300981378', 'TEGUH SOLEH', '1012907', 'BDP', 'K010300981378', 'SMKTHBISA2022'),
(1379, 'K010300981379', 'ULFA NURMAYANTI', '1012907', 'BDP', 'K010300981379', 'SMKTHBISA2022'),
(1380, 'K010300981380', 'WAHYUDI', '1012907', 'BDP', 'K010300981380', 'SMKTHBISA2022'),
(1381, 'K010300981381', 'YUSUP SLAMET RAHARJO', '1012907', 'BDP', 'K010300981381', 'SMKTHBISA2022'),
(1382, 'K010300981382', 'ABDUL MUJIB WADI', '1013318', 'BDP', 'K010300981382', 'SMKTHBISA2022'),
(1383, 'K010300981383', 'AHMAD FAIZ RAMDHANI', '1013318', 'BDP', 'K010300981383', 'SMKTHBISA2022'),
(1384, 'K010300981384', 'ANGGI MAULANA', '1013318', 'BDP', 'K010300981384', 'SMKTHBISA2022'),
(1385, 'K010300981385', 'ANNISA RAHMAN', '1013318', 'BDP', 'K010300981385', 'SMKTHBISA2022'),
(1386, 'K010300981386', 'BINTANG WIDIYASTARA ASROFI', '1013318', 'BDP', 'K010300981386', 'SMKTHBISA2022'),
(1387, 'K010300981387', 'BUNGGA ARSITA PUTRI', '1013318', 'BDP', 'K010300981387', 'SMKTHBISA2022'),
(1388, 'K010300981388', 'DEA SABELA PUTRI', '1013318', 'BDP', 'K010300981388', 'SMKTHBISA2022'),
(1389, 'K010300981389', 'FEBRIANSYAH SANJAYA', '1013318', 'BDP', 'K010300981389', 'SMKTHBISA2022'),
(1390, 'K010300981390', 'FIRJATULLAH ANISSA RAHMAN', '1013318', 'BDP', 'K010300981390', 'SMKTHBISA2022'),
(1391, 'K010300981391', 'ILHAM APRILIANSYAH', '1013318', 'BDP', 'K010300981391', 'SMKTHBISA2022'),
(1392, 'K010300981392', 'INDAH AYUNI SARI', '1013318', 'BDP', 'K010300981392', 'SMKTHBISA2022'),
(1393, 'K010300981393', 'IQBAL SURYADI', '1013318', 'BDP', 'K010300981393', 'SMKTHBISA2022'),
(1394, 'K010300981394', 'LEDIA HANIFAH', '1013318', 'BDP', 'K010300981394', 'SMKTHBISA2022'),
(1395, 'K010300981395', 'LULU NURFAOLA', '1013318', 'BDP', 'K010300981395', 'SMKTHBISA2022'),
(1396, 'K010300981396', 'MARSELA', '1013318', 'BDP', 'K010300981396', 'SMKTHBISA2022'),
(1397, 'K010300981397', 'MOCHAMAD NUR ZAINI', '1013318', 'BDP', 'K010300981397', 'SMKTHBISA2022'),
(1398, 'K010300981398', 'MUHAMAD ARYA APRIYANTO', '1013318', 'BDP', 'K010300981398', 'SMKTHBISA2022'),
(1399, 'K010300981399', 'MUHAMAD DIAS JUNIAWAN', '1013318', 'BDP', 'K010300981399', 'SMKTHBISA2022'),
(1400, 'K010300981400', 'MUHAMMAD FAHRI HERIYANTO', '1013318', 'BDP', 'K010300981400', 'SMKTHBISA2022'),
(1401, 'K010300981401', 'NAJWAH NUR ASYIYAH', '1013318', 'BDP', 'K010300981401', 'SMKTHBISA2022'),
(1402, 'K010300981402', 'NINIS ANNISYA', '1013318', 'BDP', 'K010300981402', 'SMKTHBISA2022'),
(1403, 'K010300981403', 'PATRIALIS BAYU PUTRA', '1013318', 'BDP', 'K010300981403', 'SMKTHBISA2022'),
(1404, 'K010300981404', 'REIZHART AFRINO MUSLIM', '1013318', 'BDP', 'K010300981404', 'SMKTHBISA2022'),
(1405, 'K010300981405', 'RENA ANGELITA', '1013318', 'BDP', 'K010300981405', 'SMKTHBISA2022'),
(1406, 'K010300981406', 'REVIN KHUSNADA SAKTI', '1013318', 'BDP', 'K010300981406', 'SMKTHBISA2022'),
(1407, 'K010300981407', 'RIDHO FATARDHO HAMZAH', '1013318', 'BDP', 'K010300981407', 'SMKTHBISA2022'),
(1408, 'K010300981408', 'RIZKY BUDIANTO', '1013318', 'BDP', 'K010300981408', 'SMKTHBISA2022'),
(1409, 'K010300981409', 'SAMSUDIN RADITYA', '1013318', 'BDP', 'K010300981409', 'SMKTHBISA2022'),
(1410, 'K010300981410', 'SEPTIAN BUDI RIYANTO', '1013318', 'BDP', 'K010300981410', 'SMKTHBISA2022'),
(1411, 'K010300981411', 'SILFIANA SARI', '1013318', 'BDP', 'K010300981411', 'SMKTHBISA2022'),
(1412, 'K010300981412', 'SITI NUR HANIFA', '1013318', 'BDP', 'K010300981412', 'SMKTHBISA2022'),
(1413, 'K010300981413', 'SITI NURFADILAH', '1013318', 'BDP', 'K010300981413', 'SMKTHBISA2022'),
(1414, 'K010300981414', 'SYAHRUL AL FATAH', '1013318', 'BDP', 'K010300981414', 'SMKTHBISA2022'),
(1415, 'K010300981415', 'ZAHRA FITRIA SETIAWAN', '1013318', 'BDP', 'K010300981415', 'SMKTHBISA2022'),
(1416, 'K010300981416', 'ZAZA NUR ANGGRAINI', '1013318', 'BDP', 'K010300981416', 'SMKTHBISA2022'),
(1417, 'K010300981417', 'ALIFA YULISA RAMADHILA', '1014740', 'OTKP', 'K010300981417', 'SMKTHBISA2022'),
(1418, 'K010300981418', 'ALYA SAFITRI', '1014740', 'OTKP', 'K010300981418', 'SMKTHBISA2022'),
(1419, 'K010300981419', 'AMANDA EKA MAULANA', '1014740', 'OTKP', 'K010300981419', 'SMKTHBISA2022'),
(1420, 'K010300981420', 'AMELIA ANANTA PRATIWI', '1014740', 'OTKP', 'K010300981420', 'SMKTHBISA2022'),
(1421, 'K010300981421', 'AMELIA FERNANDA TANURAHARDJA', '1014740', 'OTKP', 'K010300981421', 'SMKTHBISA2022'),
(1422, 'K010300981422', 'AMELIA ISMAWATI', '1014740', 'OTKP', 'K010300981422', 'SMKTHBISA2022'),
(1423, 'K010300981423', 'ANITA MARISKA', '1014740', 'OTKP', 'K010300981423', 'SMKTHBISA2022'),
(1424, 'K010300981424', 'APSARINA LAJANA', '1014740', 'OTKP', 'K010300981424', 'SMKTHBISA2022'),
(1425, 'K010300981425', 'ARIELLA ANDINI', '1014740', 'OTKP', 'K010300981425', 'SMKTHBISA2022'),
(1426, 'K010300981426', 'AYARIKHA ASIYAH INDARDI', '1014740', 'OTKP', 'K010300981426', 'SMKTHBISA2022'),
(1427, 'K010300981427', 'AYU RAHMA AULIA', '1014740', 'OTKP', 'K010300981427', 'SMKTHBISA2022'),
(1428, 'K010300981428', 'AYU SEKAR WANGI', '1014740', 'OTKP', 'K010300981428', 'SMKTHBISA2022'),
(1429, 'K010300981429', 'CALYSTA MAHARANI', '1014740', 'OTKP', 'K010300981429', 'SMKTHBISA2022'),
(1430, 'K010300981430', 'CINDY AULIA PUTRI', '1014740', 'OTKP', 'K010300981430', 'SMKTHBISA2022'),
(1431, 'K010300981431', 'DEA ANANDA', '1014740', 'OTKP', 'K010300981431', 'SMKTHBISA2022'),
(1432, 'K010300981432', 'DEA MUTIARA', '1014740', 'OTKP', 'K010300981432', 'SMKTHBISA2022'),
(1433, 'K010300981433', 'DELIA PINKAN RAHMAWATI', '1014740', 'OTKP', 'K010300981433', 'SMKTHBISA2022'),
(1434, 'K010300981434', 'DEVA OKTAVIANA', '1014740', 'OTKP', 'K010300981434', 'SMKTHBISA2022'),
(1435, 'K010300981435', 'ELMA NOVIA SAFITRI', '1014740', 'OTKP', 'K010300981435', 'SMKTHBISA2022'),
(1436, 'K010300981436', 'FIRA RESTU HERDIANTI', '1014740', 'OTKP', 'K010300981436', 'SMKTHBISA2022'),
(1437, 'K010300981437', 'FITRIANI MARA', '1014740', 'OTKP', 'K010300981437', 'SMKTHBISA2022'),
(1438, 'K010300981438', 'JISCAVIA MAERANY', '1014740', 'OTKP', 'K010300981438', 'SMKTHBISA2022'),
(1439, 'K010300981439', 'JULIANA DWI PRATIWI', '1014740', 'OTKP', 'K010300981439', 'SMKTHBISA2022'),
(1440, 'K010300981440', 'JUWITA DE FRETES', '1014740', 'OTKP', 'K010300981440', 'SMKTHBISA2022'),
(1441, 'K010300981441', 'KRISTINA LUSIANA', '1014740', 'OTKP', 'K010300981441', 'SMKTHBISA2022'),
(1442, 'K010300981442', 'LULU ULI NUHA ALBANTANI', '1014740', 'OTKP', 'K010300981442', 'SMKTHBISA2022'),
(1443, 'K010300981443', 'MARIA OKTA STYA LINDA', '1014740', 'OTKP', 'K010300981443', 'SMKTHBISA2022'),
(1444, 'K010300981444', 'NISRINA FITRIA WIDHAH', '1014740', 'OTKP', 'K010300981444', 'SMKTHBISA2022'),
(1445, 'K010300981445', 'RAHMAWATI', '1014740', 'OTKP', 'K010300981445', 'SMKTHBISA2022'),
(1446, 'K010300981446', 'SABRINA AMALIA DEVINAYA', '1014740', 'OTKP', 'K010300981446', 'SMKTHBISA2022'),
(1447, 'K010300981447', 'SALFARANI PUTRI', '1014740', 'OTKP', 'K010300981447', 'SMKTHBISA2022'),
(1448, 'K010300981448', 'SARI RAHMAWATI', '1014740', 'OTKP', 'K010300981448', 'SMKTHBISA2022'),
(1449, 'K010300981449', 'SELVIYANTI MUHSIN', '1014740', 'OTKP', 'K010300981449', 'SMKTHBISA2022'),
(1450, 'K010300981450', 'SITI AFSYOH TRININGTYAS', '1014740', 'OTKP', 'K010300981450', 'SMKTHBISA2022'),
(1451, 'K010300981451', 'SITI FEBRIANTI', '1014740', 'OTKP', 'K010300981451', 'SMKTHBISA2022'),
(1452, 'K010300981452', 'SITI LESTARI', '1014740', 'OTKP', 'K010300981452', 'SMKTHBISA2022'),
(1453, 'K010300981453', 'SUCI SALVA AULIA', '1014740', 'OTKP', 'K010300981453', 'SMKTHBISA2022'),
(1454, 'K010300981454', 'SUCI WULAN DINI', '1014740', 'OTKP', 'K010300981454', 'SMKTHBISA2022'),
(1455, 'K010300981455', 'TIARA RISMAYANTI', '1014740', 'OTKP', 'K010300981455', 'SMKTHBISA2022'),
(1456, 'K010300981456', 'WIWID DWI RAHMAWATI', '1014740', 'OTKP', 'K010300981456', 'SMKTHBISA2022'),
(1457, 'K010300981457', 'YOSI GISELA NINGRUM', '1014740', 'OTKP', 'K010300981457', 'SMKTHBISA2022'),
(1458, 'K010300981458', 'YUNI OKTAPIYANA', '1014740', 'OTKP', 'K010300981458', 'SMKTHBISA2022'),
(1459, 'K010300981459', 'ZAHWA NABILA NATASYAWATI', '1014740', 'OTKP', 'K010300981459', 'SMKTHBISA2022'),
(1460, 'K010300981460', 'ANANDA PUTRI RAMADHANI', '1015879', 'OTKP', 'K010300981460', 'SMKTHBISA2022'),
(1461, 'K010300981461', 'ANNISA NUR HIDAYAH', '1015879', 'OTKP', 'K010300981461', 'SMKTHBISA2022'),
(1462, 'K010300981462', 'APRILLIA IRATUR', '1015879', 'OTKP', 'K010300981462', 'SMKTHBISA2022'),
(1463, 'K010300981463', 'AULIA RAHMA', '1015879', 'OTKP', 'K010300981463', 'SMKTHBISA2022'),
(1464, 'K010300981464', 'CITRA AULIA SARI', '1015879', 'OTKP', 'K010300981464', 'SMKTHBISA2022'),
(1465, 'K010300981465', 'CLARA BENITA RAVELIA', '1015879', 'OTKP', 'K010300981465', 'SMKTHBISA2022'),
(1466, 'K010300981466', 'DIANA ROSANA', '1015879', 'OTKP', 'K010300981466', 'SMKTHBISA2022'),
(1467, 'K010300981467', 'DWI ANNJANY', '1015879', 'OTKP', 'K010300981467', 'SMKTHBISA2022'),
(1468, 'K010300981468', 'ELVIRA LUCIANA', '1015879', 'OTKP', 'K010300981468', 'SMKTHBISA2022'),
(1469, 'K010300981469', 'FIFI RESTU HERDIANTI', '1015879', 'OTKP', 'K010300981469', 'SMKTHBISA2022'),
(1470, 'K010300981470', 'FIRA SAHIRA', '1015879', 'OTKP', 'K010300981470', 'SMKTHBISA2022'),
(1471, 'K010300981471', 'HENTI AKILA MARWA', '1015879', 'OTKP', 'K010300981471', 'SMKTHBISA2022'),
(1472, 'K010300981472', 'HEREN ASHARIANTI', '1015879', 'OTKP', 'K010300981472', 'SMKTHBISA2022'),
(1473, 'K010300981473', 'INDAH YULITA AZIZ', '1015879', 'OTKP', 'K010300981473', 'SMKTHBISA2022'),
(1474, 'K010300981474', 'INTAN NUR MAICHA', '1015879', 'OTKP', 'K010300981474', 'SMKTHBISA2022'),
(1475, 'K010300981475', 'IRNA AMELIA SAFITRI', '1015879', 'OTKP', 'K010300981475', 'SMKTHBISA2022'),
(1476, 'K010300981476', 'KURNIA YULIANA SAPUTRI', '1015879', 'OTKP', 'K010300981476', 'SMKTHBISA2022'),
(1477, 'K010300981477', 'LINDA SAFITRI', '1015879', 'OTKP', 'K010300981477', 'SMKTHBISA2022'),
(1478, 'K010300981478', 'NADIA KHADIJA TEWU', '1015879', 'OTKP', 'K010300981478', 'SMKTHBISA2022'),
(1479, 'K010300981479', 'NAJWA ADELLA RAMADHANI', '1015879', 'OTKP', 'K010300981479', 'SMKTHBISA2022'),
(1480, 'K010300981480', 'NANDITA SALSABILA', '1015879', 'OTKP', 'K010300981480', 'SMKTHBISA2022'),
(1481, 'K010300981481', 'NAYLA KHAIRUNNISA', '1015879', 'OTKP', 'K010300981481', 'SMKTHBISA2022'),
(1482, 'K010300981482', 'NAYLA TASYA', '1015879', 'OTKP', 'K010300981482', 'SMKTHBISA2022'),
(1483, 'K010300981483', 'NAZWA HANIFAH', '1015879', 'OTKP', 'K010300981483', 'SMKTHBISA2022'),
(1484, 'K010300981484', 'NOVA SAFITRI', '1015879', 'OTKP', 'K010300981484', 'SMKTHBISA2022'),
(1485, 'K010300981485', 'OVRIS RIYANI', '1015879', 'OTKP', 'K010300981485', 'SMKTHBISA2022'),
(1486, 'K010300981486', 'PIPIT NURLAELI ALPITRI', '1015879', 'OTKP', 'K010300981486', 'SMKTHBISA2022'),
(1487, 'K010300981487', 'RIDHA AMALIAH', '1015879', 'OTKP', 'K010300981487', 'SMKTHBISA2022'),
(1488, 'K010300981488', 'RIZKA NOVIYANTI', '1015879', 'OTKP', 'K010300981488', 'SMKTHBISA2022'),
(1489, 'K010300981489', 'SANTI MURJANI', '1015879', 'OTKP', 'K010300981489', 'SMKTHBISA2022'),
(1490, 'K010300981490', 'SEPTIANI RAHAYU', '1015879', 'OTKP', 'K010300981490', 'SMKTHBISA2022'),
(1491, 'K010300981491', 'SEVILA', '1015879', 'OTKP', 'K010300981491', 'SMKTHBISA2022'),
(1492, 'K010300981492', 'SITI MAISAROH', '1015879', 'OTKP', 'K010300981492', 'SMKTHBISA2022'),
(1493, 'K010300981493', 'SITI NUR HABIBAH', '1015879', 'OTKP', 'K010300981493', 'SMKTHBISA2022'),
(1494, 'K010300981494', 'SYADIAH NUR LATIFAH', '1015879', 'OTKP', 'K010300981494', 'SMKTHBISA2022'),
(1495, 'K010300981495', 'TASYA AMELIA', '1015879', 'OTKP', 'K010300981495', 'SMKTHBISA2022'),
(1496, 'K010300981496', 'THIFAL AZIZAH HARTANTI', '1015879', 'OTKP', 'K010300981496', 'SMKTHBISA2022'),
(1497, 'K010300981497', 'TIAYU', '1015879', 'OTKP', 'K010300981497', 'SMKTHBISA2022'),
(1498, 'K010300981498', 'ULPAH LEPIYANI', '1015879', 'OTKP', 'K010300981498', 'SMKTHBISA2022'),
(1499, 'K010300981499', 'VENDA FERNANDA', '1015879', 'OTKP', 'K010300981499', 'SMKTHBISA2022'),
(1500, 'K010300981500', 'WILDATUL FADILLAH', '1015879', 'OTKP', 'K010300981500', 'SMKTHBISA2022'),
(1501, 'K010300981501', 'WULAN SRI RAHAYU', '1015879', 'OTKP', 'K010300981501', 'SMKTHBISA2022'),
(1502, 'K010300981502', 'YENI RAHMAYANTI', '1015879', 'OTKP', 'K010300981502', 'SMKTHBISA2022'),
(1503, 'K010300981503', 'ADAM WAHYYUDI', '1016422', 'TKJ', 'K010300981503', 'SMKTHBISA2022'),
(1504, 'K010300981504', 'AHMAD DANY', '1016422', 'TKJ', 'K010300981504', 'SMKTHBISA2022'),
(1505, 'K010300981505', 'ANGGA PRASETYA PUTRA', '1016422', 'TKJ', 'K010300981505', 'SMKTHBISA2022'),
(1506, 'K010300981506', 'ANGGA YOGA PRATAMA', '1016422', 'TKJ', 'K010300981506', 'SMKTHBISA2022'),
(1507, 'K010300981507', 'ANGGI ALVIANTO', '1016422', 'TKJ', 'K010300981507', 'SMKTHBISA2022'),
(1508, 'K010300981508', 'ARDI PRASETIO', '1016422', 'TKJ', 'K010300981508', 'SMKTHBISA2022'),
(1509, 'K010300981509', 'ARI ARDIANSYAH', '1016422', 'TKJ', 'K010300981509', 'SMKTHBISA2022'),
(1510, 'K010300981510', 'ARIFIN', '1016422', 'TKJ', 'K010300981510', 'SMKTHBISA2022'),
(1511, 'K010300981511', 'ARIS BASTYAR', '1016422', 'TKJ', 'K010300981511', 'SMKTHBISA2022'),
(1512, 'K010300981512', 'ARYA ZULFIKAR', '1016422', 'TKJ', 'K010300981512', 'SMKTHBISA2022'),
(1513, 'K010300981513', 'BAYU FIRMANSYAH', '1016422', 'TKJ', 'K010300981513', 'SMKTHBISA2022'),
(1514, 'K010300981514', 'BAYU SETIAWAN', '1016422', 'TKJ', 'K010300981514', 'SMKTHBISA2022'),
(1515, 'K010300981515', 'CAHYA AJI SAPUTRA', '1016422', 'TKJ', 'K010300981515', 'SMKTHBISA2022'),
(1516, 'K010300981516', 'CORY INTAN AGUSTIN', '1016422', 'TKJ', 'K010300981516', 'SMKTHBISA2022'),
(1517, 'K010300981517', 'DZAKY RAMADHANI', '1016422', 'TKJ', 'K010300981517', 'SMKTHBISA2022'),
(1518, 'K010300981518', 'ERIK JAJANG KURNIAWAN', '1016422', 'TKJ', 'K010300981518', 'SMKTHBISA2022'),
(1519, 'K010300981519', 'FAKHRUL DHAFI', '1016422', 'TKJ', 'K010300981519', 'SMKTHBISA2022');
INSERT INTO `a_siswa` (`id`, `no_peserta`, `nama_siswa`, `kelas`, `jurusan`, `username`, `password`) VALUES
(1520, 'K010300981520', 'FERDIAN AHMAD RUDIANTO', '1016422', 'TKJ', 'K010300981520', 'SMKTHBISA2022'),
(1521, 'K010300981521', 'FERDIAN WIJAYA ALEXANDRA', '1016422', 'TKJ', 'K010300981521', 'SMKTHBISA2022'),
(1522, 'K010300981522', 'HARIS', '1016422', 'TKJ', 'K010300981522', 'SMKTHBISA2022'),
(1523, 'K010300981523', 'HERIXS HIDAYAT', '1016422', 'TKJ', 'K010300981523', 'SMKTHBISA2022'),
(1524, 'K010300981524', 'IMMANUEL TAMANDO MASO', '1016422', 'TKJ', 'K010300981524', 'SMKTHBISA2022'),
(1525, 'K010300981525', 'JUSTIN VALENTINO WAROUW', '1016422', 'TKJ', 'K010300981525', 'SMKTHBISA2022'),
(1526, 'K010300981526', 'KELVIN AMANDO ERAWAN', '1016422', 'TKJ', 'K010300981526', 'SMKTHBISA2022'),
(1527, 'K010300981527', 'MIMIN WINATA', '1016422', 'TKJ', 'K010300981527', 'SMKTHBISA2022'),
(1528, 'K010300981528', 'MOHAMMAD KHOIRUL YANI', '1016422', 'TKJ', 'K010300981528', 'SMKTHBISA2022'),
(1529, 'K010300981529', 'MUHAMAD REZA ANDRIAN', '1016422', 'TKJ', 'K010300981529', 'SMKTHBISA2022'),
(1530, 'K010300981530', 'MUHAMMAD CAVAN HIZAM', '1016422', 'TKJ', 'K010300981530', 'SMKTHBISA2022'),
(1531, 'K010300981531', 'MUHAMMAD GUSTI RAZAN', '1016422', 'TKJ', 'K010300981531', 'SMKTHBISA2022'),
(1532, 'K010300981532', 'MUHAMMAD HASNUL ARIFIN', '1016422', 'TKJ', 'K010300981532', 'SMKTHBISA2022'),
(1533, 'K010300981533', 'MUHAMMAD SIROJUDDIN GHOZALI', '1016422', 'TKJ', 'K010300981533', 'SMKTHBISA2022'),
(1534, 'K010300981534', 'NASHRULLOH FIRDAUS', '1016422', 'TKJ', 'K010300981534', 'SMKTHBISA2022'),
(1535, 'K010300981535', 'NICHOLLA MULQI BARBAROSSA', '1016422', 'TKJ', 'K010300981535', 'SMKTHBISA2022'),
(1536, 'K010300981536', 'QALAM RAYDATHUL SABANI', '1016422', 'TKJ', 'K010300981536', 'SMKTHBISA2022'),
(1537, 'K010300981537', 'RAYNOR SANJIA ANDHIKAFATA', '1016422', 'TKJ', 'K010300981537', 'SMKTHBISA2022'),
(1538, 'K010300981538', 'RIZAL MAULANA', '1016422', 'TKJ', 'K010300981538', 'SMKTHBISA2022'),
(1539, 'K010300981539', 'SHEVA SEPTANIO', '1016422', 'TKJ', 'K010300981539', 'SMKTHBISA2022'),
(1540, 'K010300981540', 'SOPIYAN', '1016422', 'TKJ', 'K010300981540', 'SMKTHBISA2022'),
(1541, 'K010300981541', 'SUGENG DWI WALUYO', '1016422', 'TKJ', 'K010300981541', 'SMKTHBISA2022'),
(1542, 'K010300981542', 'SYAHRUL HANAVI', '1016422', 'TKJ', 'K010300981542', 'SMKTHBISA2022'),
(1543, 'K010300981543', 'WILLYANSYAH', '1016422', 'TKJ', 'K010300981543', 'SMKTHBISA2022'),
(1544, 'K010300981544', 'YOHANES SETIAWAN', '1016422', 'TKJ', 'K010300981544', 'SMKTHBISA2022'),
(1545, 'K010300981545', 'YUDHA SEPTYAN', '1016422', 'TKJ', 'K010300981545', 'SMKTHBISA2022'),
(1546, 'K010300981546', 'ZODI PRASTIYO', '1016422', 'TKJ', 'K010300981546', 'SMKTHBISA2022'),
(1547, 'K010300981547', 'ABDUL RAHMAN', '1017835', 'TKJ', 'K010300981547', 'SMKTHBISA2022'),
(1548, 'K010300981548', 'AFIF PRASETYO', '1017835', 'TKJ', 'K010300981548', 'SMKTHBISA2022'),
(1549, 'K010300981549', 'AGUNG MAULANA FEBRIYANTO', '1017835', 'TKJ', 'K010300981549', 'SMKTHBISA2022'),
(1550, 'K010300981550', 'ARIF', '1017835', 'TKJ', 'K010300981550', 'SMKTHBISA2022'),
(1551, 'K010300981551', 'CANDRA AGUS NUGROHO', '1017835', 'TKJ', 'K010300981551', 'SMKTHBISA2022'),
(1552, 'K010300981552', 'CARLOS LEONARDO', '1017835', 'TKJ', 'K010300981552', 'SMKTHBISA2022'),
(1553, 'K010300981553', 'DENDI ZAKARIA', '1017835', 'TKJ', 'K010300981553', 'SMKTHBISA2022'),
(1554, 'K010300981554', 'DENDY CAHYOKO', '1017835', 'TKJ', 'K010300981554', 'SMKTHBISA2022'),
(1555, 'K010300981555', 'DICKY FADILAH', '1017835', 'TKJ', 'K010300981555', 'SMKTHBISA2022'),
(1556, 'K010300981556', 'DIMAS ADI SAPUTRA', '1017835', 'TKJ', 'K010300981556', 'SMKTHBISA2022'),
(1557, 'K010300981557', 'DUWI AMAL MAULIDA AKSAN', '1017835', 'TKJ', 'K010300981557', 'SMKTHBISA2022'),
(1558, 'K010300981558', 'ERWIN OKTAVIANTO', '1017835', 'TKJ', 'K010300981558', 'SMKTHBISA2022'),
(1559, 'K010300981559', 'FACHRUL RAMADHAN', '1017835', 'TKJ', 'K010300981559', 'SMKTHBISA2022'),
(1560, 'K010300981560', 'GALIH ADIVA PRATAMA PUTRA', '1017835', 'TKJ', 'K010300981560', 'SMKTHBISA2022'),
(1561, 'K010300981561', 'HAERUL ANGGA', '1017835', 'TKJ', 'K010300981561', 'SMKTHBISA2022'),
(1562, 'K010300981562', 'HARRY RIVALDY', '1017835', 'TKJ', 'K010300981562', 'SMKTHBISA2022'),
(1563, 'K010300981563', 'MOHAMAD RAGIL ADITYA PUTRA', '1017835', 'TKJ', 'K010300981563', 'SMKTHBISA2022'),
(1564, 'K010300981564', 'MOHAMMAD FARHAN', '1017835', 'TKJ', 'K010300981564', 'SMKTHBISA2022'),
(1565, 'K010300981565', 'MOHAMMAD HADI WIJAYA', '1017835', 'TKJ', 'K010300981565', 'SMKTHBISA2022'),
(1566, 'K010300981566', 'MUHAMMAD AFRIZAL', '1017835', 'TKJ', 'K010300981566', 'SMKTHBISA2022'),
(1567, 'K010300981567', 'MUHAMMAD DARMA ILLAHI', '1017835', 'TKJ', 'K010300981567', 'SMKTHBISA2022'),
(1568, 'K010300981568', 'MUHAMMAD PIRMANSAH PUTRA RAGIL ', '1017835', 'TKJ', 'K010300981568', 'SMKTHBISA2022'),
(1569, 'K010300981569', 'MUHAMMAD RAFANDI', '1017835', 'TKJ', 'K010300981569', 'SMKTHBISA2022'),
(1570, 'K010300981570', 'MUHAMMAD RIDWAN', '1017835', 'TKJ', 'K010300981570', 'SMKTHBISA2022'),
(1571, 'K010300981571', 'MUHAMMAD VINCEN RAMADHAN', '1017835', 'TKJ', 'K010300981571', 'SMKTHBISA2022'),
(1572, 'K010300981572', 'NAJIB DZANNUR', '1017835', 'TKJ', 'K010300981572', 'SMKTHBISA2022'),
(1573, 'K010300981573', 'PERDANA ANDRE SETIAWAN', '1017835', 'TKJ', 'K010300981573', 'SMKTHBISA2022'),
(1574, 'K010300981574', 'PUTRA SURYA PRATAMA', '1017835', 'TKJ', 'K010300981574', 'SMKTHBISA2022'),
(1575, 'K010300981575', 'RACHMAN GANIE', '1017835', 'TKJ', 'K010300981575', 'SMKTHBISA2022'),
(1576, 'K010300981576', 'RAIHAN MUHAMMAD AKBAR', '1017835', 'TKJ', 'K010300981576', 'SMKTHBISA2022'),
(1577, 'K010300981577', 'REHANDIKA BAYU MAARIF', '1017835', 'TKJ', 'K010300981577', 'SMKTHBISA2022'),
(1578, 'K010300981578', 'RENO PRIANDANA', '1017835', 'TKJ', 'K010300981578', 'SMKTHBISA2022'),
(1579, 'K010300981579', 'REVAN OKTAGIAS RAMADHAN', '1017835', 'TKJ', 'K010300981579', 'SMKTHBISA2022'),
(1580, 'K010300981580', 'RIAN MAULANA', '1017835', 'TKJ', 'K010300981580', 'SMKTHBISA2022'),
(1581, 'K010300981581', 'ROSITA ARYANINGSIH', '1017835', 'TKJ', 'K010300981581', 'SMKTHBISA2022'),
(1582, 'K010300981582', 'SAHRUL ALAM', '1017835', 'TKJ', 'K010300981582', 'SMKTHBISA2022'),
(1583, 'K010300981583', 'SAIPUL ALI', '1017835', 'TKJ', 'K010300981583', 'SMKTHBISA2022'),
(1584, 'K010300981584', 'SATRIA WAHYU RAMADHAN ', '1017835', 'TKJ', 'K010300981584', 'SMKTHBISA2022'),
(1585, 'K010300981585', 'SYAHRIEZA BAGUS WIDIYANTO', '1017835', 'TKJ', 'K010300981585', 'SMKTHBISA2022'),
(1586, 'K010300981586', 'TEGAR CAHYA PUTRA', '1017835', 'TKJ', 'K010300981586', 'SMKTHBISA2022'),
(1587, 'K010300981587', 'ULUMUDDIN ADJI PAMUNGKAS', '1017835', 'TKJ', 'K010300981587', 'SMKTHBISA2022'),
(1588, 'K010300981588', 'ADIS MAULANA', '1018989', 'TKJ', 'K010300981588', 'SMKTHBISA2022'),
(1589, 'K010300981589', 'ADITTIA DWI SAPUTRA', '1018989', 'TKJ', 'K010300981589', 'SMKTHBISA2022'),
(1590, 'K010300981590', 'AGUNG PRASETYO NUGROHO', '1018989', 'TKJ', 'K010300981590', 'SMKTHBISA2022'),
(1591, 'K010300981591', 'AGUS KHOLIFUDIN', '1018989', 'TKJ', 'K010300981591', 'SMKTHBISA2022'),
(1592, 'K010300981592', 'AHMAD RIPAI', '1018989', 'TKJ', 'K010300981592', 'SMKTHBISA2022'),
(1593, 'K010300981593', 'AJI PRASSETYO', '1018989', 'TKJ', 'K010300981593', 'SMKTHBISA2022'),
(1594, 'K010300981594', 'ALTHAF NUR ASEGAF', '1018989', 'TKJ', 'K010300981594', 'SMKTHBISA2022'),
(1595, 'K010300981595', 'ANANG RAMADHAN', '1018989', 'TKJ', 'K010300981595', 'SMKTHBISA2022'),
(1596, 'K010300981596', 'ANDI FIRMANSYAH', '1018989', 'TKJ', 'K010300981596', 'SMKTHBISA2022'),
(1597, 'K010300981597', 'DEWI RIZKI NILUARDANI', '1018989', 'TKJ', 'K010300981597', 'SMKTHBISA2022'),
(1598, 'K010300981598', 'DIMAS BUDI RIYANTO', '1018989', 'TKJ', 'K010300981598', 'SMKTHBISA2022'),
(1599, 'K010300981599', 'DION MOHAMAD BARUNA', '1018989', 'TKJ', 'K010300981599', 'SMKTHBISA2022'),
(1600, 'K010300981600', 'DZAKY ZAHRAN', '1018989', 'TKJ', 'K010300981600', 'SMKTHBISA2022'),
(1601, 'K010300981601', 'EGA PRATAMA', '1018989', 'TKJ', 'K010300981601', 'SMKTHBISA2022'),
(1602, 'K010300981602', 'EKY FERDIANSYAH', '1018989', 'TKJ', 'K010300981602', 'SMKTHBISA2022'),
(1603, 'K010300981603', 'ERI PUTRA PRATAMA', '1018989', 'TKJ', 'K010300981603', 'SMKTHBISA2022'),
(1604, 'K010300981604', 'FAJAR DWI HARTADI', '1018989', 'TKJ', 'K010300981604', 'SMKTHBISA2022'),
(1605, 'K010300981605', 'FEBI DWI SULISTIADI', '1018989', 'TKJ', 'K010300981605', 'SMKTHBISA2022'),
(1606, 'K010300981606', 'GIANLUIGI FADHIL MUSTAQIM', '1018989', 'TKJ', 'K010300981606', 'SMKTHBISA2022'),
(1607, 'K010300981607', 'GILANG DIAN SAPUTRA', '1018989', 'TKJ', 'K010300981607', 'SMKTHBISA2022'),
(1608, 'K010300981608', 'GIN GIN', '1018989', 'TKJ', 'K010300981608', 'SMKTHBISA2022'),
(1609, 'K010300981609', 'HAQI MAULANA', '1018989', 'TKJ', 'K010300981609', 'SMKTHBISA2022'),
(1610, 'K010300981610', 'HASRIN ABDUL LAJI', '1018989', 'TKJ', 'K010300981610', 'SMKTHBISA2022'),
(1611, 'K010300981611', 'I MADE ANTONI', '1018989', 'TKJ', 'K010300981611', 'SMKTHBISA2022'),
(1612, 'K010300981612', 'IAN SAPUTRA', '1018989', 'TKJ', 'K010300981612', 'SMKTHBISA2022'),
(1613, 'K010300981613', 'JANUAR BAGUS WIBOWO', '1018989', 'TKJ', 'K010300981613', 'SMKTHBISA2022'),
(1614, 'K010300981614', 'KUKUH ANGGER MAHARGYO', '1018989', 'TKJ', 'K010300981614', 'SMKTHBISA2022'),
(1615, 'K010300981615', 'LAKSAMANA PUTRA', '1018989', 'TKJ', 'K010300981615', 'SMKTHBISA2022'),
(1616, 'K010300981616', 'MOH ALDI NIRWANSYAH', '1018989', 'TKJ', 'K010300981616', 'SMKTHBISA2022'),
(1617, 'K010300981617', 'MOHAMAD HARYONO', '1018989', 'TKJ', 'K010300981617', 'SMKTHBISA2022'),
(1618, 'K010300981618', 'MUHAMAD ALBAR A\'LAMSYAH', '1018989', 'TKJ', 'K010300981618', 'SMKTHBISA2022'),
(1619, 'K010300981619', 'MUHAMAD RYAN HARDIANSYAH', '1018989', 'TKJ', 'K010300981619', 'SMKTHBISA2022'),
(1620, 'K010300981620', 'MUHAMAD SABLIK MBIPI', '1018989', 'TKJ', 'K010300981620', 'SMKTHBISA2022'),
(1621, 'K010300981621', 'MUHAMMAD RAFLI', '1018989', 'TKJ', 'K010300981621', 'SMKTHBISA2022'),
(1622, 'K010300981622', 'MUHAMMAD TIO', '1018989', 'TKJ', 'K010300981622', 'SMKTHBISA2022'),
(1623, 'K010300981623', 'NENDI', '1018989', 'TKJ', 'K010300981623', 'SMKTHBISA2022'),
(1624, 'K010300981624', 'NOVAL TRI HARYANTO', '1018989', 'TKJ', 'K010300981624', 'SMKTHBISA2022'),
(1625, 'K010300981625', 'RAFAEL MULIA ALFAHDI', '1018989', 'TKJ', 'K010300981625', 'SMKTHBISA2022'),
(1626, 'K010300981626', 'RAGIL PANGESTU', '1018989', 'TKJ', 'K010300981626', 'SMKTHBISA2022'),
(1627, 'K010300981627', 'RENDI SAPUTRA', '1018989', 'TKJ', 'K010300981627', 'SMKTHBISA2022'),
(1628, 'K010300981628', 'RENI NURAENI', '1018989', 'TKJ', 'K010300981628', 'SMKTHBISA2022'),
(1629, 'K010300981629', 'TEGAR', '1018989', 'TKJ', 'K010300981629', 'SMKTHBISA2022'),
(1630, 'K010300981630', 'TRI PUTRA AFRIANSYAH', '1018989', 'TKJ', 'K010300981630', 'SMKTHBISA2022'),
(1631, 'K010300981631', 'WIDDIYA BAGUS ENDANG WINARYO', '1018989', 'TKJ', 'K010300981631', 'SMKTHBISA2022'),
(1632, 'K010300981632', 'ABDUL WAHID', '1019741', 'AKL', 'K010300981632', 'SMKTHBISA2022'),
(1633, 'K010300981633', 'ACHMAD IRFAN SHOLAHUDDIN', '1019741', 'AKL', 'K010300981633', 'SMKTHBISA2022'),
(1634, 'K010300981634', 'AGUS ARBAIN MAHMUD', '1019741', 'AKL', 'K010300981634', 'SMKTHBISA2022'),
(1635, 'K010300981635', 'ANGEL', '1019741', 'AKL', 'K010300981635', 'SMKTHBISA2022'),
(1636, 'K010300981636', 'ANTIKA SARI', '1019741', 'AKL', 'K010300981636', 'SMKTHBISA2022'),
(1637, 'K010300981637', 'DEVI YULIANTI', '1019741', 'AKL', 'K010300981637', 'SMKTHBISA2022'),
(1638, 'K010300981638', 'DEWI NOPITA SARI', '1019741', 'AKL', 'K010300981638', 'SMKTHBISA2022'),
(1639, 'K010300981639', 'DEWI WULAN SARI', '1019741', 'AKL', 'K010300981639', 'SMKTHBISA2022'),
(1640, 'K010300981640', 'DIANA PUNGKY', '1019741', 'AKL', 'K010300981640', 'SMKTHBISA2022'),
(1641, 'K010300981641', 'DIAZ ADRIAN PRAJA', '1019741', 'AKL', 'K010300981641', 'SMKTHBISA2022'),
(1642, 'K010300981642', 'FITRI RAMADANI', '1019741', 'AKL', 'K010300981642', 'SMKTHBISA2022'),
(1643, 'K010300981643', 'INDRA', '1019741', 'AKL', 'K010300981643', 'SMKTHBISA2022'),
(1644, 'K010300981644', 'JELITA HANDIANI', '1019741', 'AKL', 'K010300981644', 'SMKTHBISA2022'),
(1645, 'K010300981645', 'KHAIRUNISA APRIANDINI', '1019741', 'AKL', 'K010300981645', 'SMKTHBISA2022'),
(1646, 'K010300981646', 'LAILA AFRIYANTI', '1019741', 'AKL', 'K010300981646', 'SMKTHBISA2022'),
(1647, 'K010300981647', 'LAURA WANDA PUTRI', '1019741', 'AKL', 'K010300981647', 'SMKTHBISA2022'),
(1648, 'K010300981648', 'LISNAWATI', '1019741', 'AKL', 'K010300981648', 'SMKTHBISA2022'),
(1649, 'K010300981649', 'MARNI', '1019741', 'AKL', 'K010300981649', 'SMKTHBISA2022'),
(1650, 'K010300981650', 'MICO RAMDANI SYAHRULTIAS', '1019741', 'AKL', 'K010300981650', 'SMKTHBISA2022'),
(1651, 'K010300981651', 'MUHAMMAD ARIF', '1019741', 'AKL', 'K010300981651', 'SMKTHBISA2022'),
(1652, 'K010300981652', 'MUHAMMAD RAFI', '1019741', 'AKL', 'K010300981652', 'SMKTHBISA2022'),
(1653, 'K010300981653', 'MUHAMMAD RIZKY', '1019741', 'AKL', 'K010300981653', 'SMKTHBISA2022'),
(1654, 'K010300981654', 'MUHHAMAD SATRIO', '1019741', 'AKL', 'K010300981654', 'SMKTHBISA2022'),
(1655, 'K010300981655', 'NG EK HOT', '1019741', 'AKL', 'K010300981655', 'SMKTHBISA2022'),
(1656, 'K010300981656', 'OKTAVIA NENGSIH', '1019741', 'AKL', 'K010300981656', 'SMKTHBISA2022'),
(1657, 'K010300981657', 'PEGGY FITRIANI NURDIN', '1019741', 'AKL', 'K010300981657', 'SMKTHBISA2022'),
(1658, 'K010300981658', 'PUTRI FEBRIANI', '1019741', 'AKL', 'K010300981658', 'SMKTHBISA2022'),
(1659, 'K010300981659', 'PUTRI MAISAROH', '1019741', 'AKL', 'K010300981659', 'SMKTHBISA2022'),
(1660, 'K010300981660', 'PUTRI MIRANTI', '1019741', 'AKL', 'K010300981660', 'SMKTHBISA2022'),
(1661, 'K010300981661', 'RICKO ADI SAPUTRA', '1019741', 'AKL', 'K010300981661', 'SMKTHBISA2022'),
(1662, 'K010300981662', 'RIKA TRI UTAMI', '1019741', 'AKL', 'K010300981662', 'SMKTHBISA2022'),
(1663, 'K010300981663', 'SELVYA ARYANTI', '1019741', 'AKL', 'K010300981663', 'SMKTHBISA2022'),
(1664, 'K010300981664', 'SHINTYA AULIA PUTRI NABILA', '1019741', 'AKL', 'K010300981664', 'SMKTHBISA2022'),
(1665, 'K010300981665', 'SITI NURIKA RAHIM', '1019741', 'AKL', 'K010300981665', 'SMKTHBISA2022'),
(1666, 'K010300981666', 'SITI SA\'DIYAH', '1019741', 'AKL', 'K010300981666', 'SMKTHBISA2022'),
(1667, 'K010300981667', 'TRIYANA MUKTI', '1019741', 'AKL', 'K010300981667', 'SMKTHBISA2022'),
(1668, 'K010300981668', 'VENUS SINTYA RAHAYU', '1019741', 'AKL', 'K010300981668', 'SMKTHBISA2022'),
(1669, 'K010300981669', 'WIDYA MAHARANI WISNU PUTRI', '1019741', 'AKL', 'K010300981669', 'SMKTHBISA2022'),
(1670, 'K010300981670', 'YUSUF KURNIA', '1019741', 'AKL', 'K010300981670', 'SMKTHBISA2022'),
(1671, 'K010300981671', 'AKBAR KUSUMA WIJAYA', '1020508', 'AKL', 'K010300981671', 'SMKTHBISA2022'),
(1672, 'K010300981672', 'CHANDRA PUTRA DARMAWAN', '1020508', 'AKL', 'K010300981672', 'SMKTHBISA2022'),
(1673, 'K010300981673', 'DELA AMELIA DWI SAPUTRI', '1020508', 'AKL', 'K010300981673', 'SMKTHBISA2022'),
(1674, 'K010300981674', 'DWI LIA NOVITA', '1020508', 'AKL', 'K010300981674', 'SMKTHBISA2022'),
(1675, 'K010300981675', 'INSANI METASARI', '1020508', 'AKL', 'K010300981675', 'SMKTHBISA2022'),
(1676, 'K010300981676', 'LINA NOFITASARI', '1020508', 'AKL', 'K010300981676', 'SMKTHBISA2022'),
(1677, 'K010300981677', 'LINDA CHANIAGO', '1020508', 'AKL', 'K010300981677', 'SMKTHBISA2022'),
(1678, 'K010300981678', 'MAHARANI ANANDA PUTRI FIRDAUS', '1020508', 'AKL', 'K010300981678', 'SMKTHBISA2022'),
(1679, 'K010300981679', 'MARINI NUROHMA', '1020508', 'AKL', 'K010300981679', 'SMKTHBISA2022'),
(1680, 'K010300981680', 'MEGA AFIANI', '1020508', 'AKL', 'K010300981680', 'SMKTHBISA2022'),
(1681, 'K010300981681', 'MELDA', '1020508', 'AKL', 'K010300981681', 'SMKTHBISA2022'),
(1682, 'K010300981682', 'MELVINA FARADILLA', '1020508', 'AKL', 'K010300981682', 'SMKTHBISA2022'),
(1683, 'K010300981683', 'MUHAMAD HASBI ASHIDIQI', '1020508', 'AKL', 'K010300981683', 'SMKTHBISA2022'),
(1684, 'K010300981684', 'MUHAMMAD BAYU SANJAYA', '1020508', 'AKL', 'K010300981684', 'SMKTHBISA2022'),
(1685, 'K010300981685', 'MUHAMMAD FARHAN DWINANTO', '1020508', 'AKL', 'K010300981685', 'SMKTHBISA2022'),
(1686, 'K010300981686', 'NABILATUN ALFIAH', '1020508', 'AKL', 'K010300981686', 'SMKTHBISA2022'),
(1687, 'K010300981687', 'NELA DESTRIANA DEWI', '1020508', 'AKL', 'K010300981687', 'SMKTHBISA2022'),
(1688, 'K010300981688', 'NINA NURCAHYATI', '1020508', 'AKL', 'K010300981688', 'SMKTHBISA2022'),
(1689, 'K010300981689', 'NUR AHMAD KHAIRI', '1020508', 'AKL', 'K010300981689', 'SMKTHBISA2022'),
(1690, 'K010300981690', 'NUR ROHIMAH', '1020508', 'AKL', 'K010300981690', 'SMKTHBISA2022'),
(1691, 'K010300981691', 'RINNI MASPUPAH', '1020508', 'AKL', 'K010300981691', 'SMKTHBISA2022'),
(1692, 'K010300981692', 'RISMA KURNIAWATI', '1020508', 'AKL', 'K010300981692', 'SMKTHBISA2022'),
(1693, 'K010300981693', 'SEVIANA EKA SAPUTRI', '1020508', 'AKL', 'K010300981693', 'SMKTHBISA2022'),
(1694, 'K010300981694', 'SIFA NUR FAUZIAH', '1020508', 'AKL', 'K010300981694', 'SMKTHBISA2022'),
(1695, 'K010300981695', 'SILVI ATNADINATA', '1020508', 'AKL', 'K010300981695', 'SMKTHBISA2022'),
(1696, 'K010300981696', 'SILVIA ANGGREANI', '1020508', 'AKL', 'K010300981696', 'SMKTHBISA2022'),
(1697, 'K010300981697', 'SITI HODIJAH', '1020508', 'AKL', 'K010300981697', 'SMKTHBISA2022'),
(1698, 'K010300981698', 'SOFIATUN NUFUS', '1020508', 'AKL', 'K010300981698', 'SMKTHBISA2022'),
(1699, 'K010300981699', 'SUCI NOVITA SARI', '1020508', 'AKL', 'K010300981699', 'SMKTHBISA2022'),
(1700, 'K010300981700', 'SUWANAH', '1020508', 'AKL', 'K010300981700', 'SMKTHBISA2022'),
(1701, 'K010300981701', 'UUN NAFIA', '1020508', 'AKL', 'K010300981701', 'SMKTHBISA2022'),
(1702, 'K010300981702', 'VIVIT NUR INDASARI', '1020508', 'AKL', 'K010300981702', 'SMKTHBISA2022'),
(1703, 'K010300981703', 'WULAN NUR OKTAVIANI', '1020508', 'AKL', 'K010300981703', 'SMKTHBISA2022'),
(1704, 'K010300981704', 'ZERY HERMAWAN', '1020508', 'AKL', 'K010300981704', 'SMKTHBISA2022'),
(1705, 'K010300981705', 'ZILVI BADRI AULIAH', '1020508', 'AKL', 'K010300981705', 'SMKTHBISA2022'),
(1706, 'K010300981706', 'ABDULLAH NURHALIM', '1021777', 'BDP', 'K010300981706', 'SMKTHBISA2022'),
(1707, 'K010300981707', 'ABELIA AGUSTIN', '1021777', 'BDP', 'K010300981707', 'SMKTHBISA2022'),
(1708, 'K010300981708', 'AHMAD DENI', '1021777', 'BDP', 'K010300981708', 'SMKTHBISA2022'),
(1709, 'K010300981709', 'ANANDA BUDI SUSANTO', '1021777', 'BDP', 'K010300981709', 'SMKTHBISA2022'),
(1710, 'K010300981710', 'ARIEL OCTAREZA', '1021777', 'BDP', 'K010300981710', 'SMKTHBISA2022'),
(1711, 'K010300981711', 'ARIN DWI ALIANI', '1021777', 'BDP', 'K010300981711', 'SMKTHBISA2022'),
(1712, 'K010300981712', 'ARYA BAYU NUR ICHSAN', '1021777', 'BDP', 'K010300981712', 'SMKTHBISA2022'),
(1713, 'K010300981713', 'DANDI SAPUTRA', '1021777', 'BDP', 'K010300981713', 'SMKTHBISA2022'),
(1714, 'K010300981714', 'DEVI AVIELE', '1021777', 'BDP', 'K010300981714', 'SMKTHBISA2022'),
(1715, 'K010300981715', 'DEVI MELIA UTARI', '1021777', 'BDP', 'K010300981715', 'SMKTHBISA2022'),
(1716, 'K010300981716', 'FITRI NURMAZIYAH', '1021777', 'BDP', 'K010300981716', 'SMKTHBISA2022'),
(1717, 'K010300981717', 'GUFRON AZIS', '1021777', 'BDP', 'K010300981717', 'SMKTHBISA2022'),
(1718, 'K010300981718', 'IWAN SANTOSO', '1021777', 'BDP', 'K010300981718', 'SMKTHBISA2022'),
(1719, 'K010300981719', 'JESSY APRILIANI', '1021777', 'BDP', 'K010300981719', 'SMKTHBISA2022'),
(1720, 'K010300981720', 'M. PUTRA ERLANGGA', '1021777', 'BDP', 'K010300981720', 'SMKTHBISA2022'),
(1721, 'K010300981721', 'MARSHEL MAHENDRA', '1021777', 'BDP', 'K010300981721', 'SMKTHBISA2022'),
(1722, 'K010300981722', 'MOHAMMAD IKMAL MAULANA', '1021777', 'BDP', 'K010300981722', 'SMKTHBISA2022'),
(1723, 'K010300981723', 'MUHAMAD RIZKI', '1021777', 'BDP', 'K010300981723', 'SMKTHBISA2022'),
(1724, 'K010300981724', 'MUHAMMAD EQI SAPUTRA', '1021777', 'BDP', 'K010300981724', 'SMKTHBISA2022'),
(1725, 'K010300981725', 'MUHAMMAD KHAERUL BAHRI', '1021777', 'BDP', 'K010300981725', 'SMKTHBISA2022'),
(1726, 'K010300981726', 'NAJWA NUR KARIEM', '1021777', 'BDP', 'K010300981726', 'SMKTHBISA2022'),
(1727, 'K010300981727', 'NILAN IRIYANTI', '1021777', 'BDP', 'K010300981727', 'SMKTHBISA2022'),
(1728, 'K010300981728', 'NONI OKTAVIANI', '1021777', 'BDP', 'K010300981728', 'SMKTHBISA2022'),
(1729, 'K010300981729', 'PRATAMA ZINEDINE YAZID ZIDANE', '1021777', 'BDP', 'K010300981729', 'SMKTHBISA2022'),
(1730, 'K010300981730', 'RAIHAN AHMAD ELIA', '1021777', 'BDP', 'K010300981730', 'SMKTHBISA2022'),
(1731, 'K010300981731', 'RAJA DIKA PRAYOGA', '1021777', 'BDP', 'K010300981731', 'SMKTHBISA2022'),
(1732, 'K010300981732', 'RAMSES GOZALI', '1021777', 'BDP', 'K010300981732', 'SMKTHBISA2022'),
(1733, 'K010300981733', 'RANGGA RAYA SAFA\'AT', '1021777', 'BDP', 'K010300981733', 'SMKTHBISA2022'),
(1734, 'K010300981734', 'REZA FIRMANSJAH', '1021777', 'BDP', 'K010300981734', 'SMKTHBISA2022'),
(1735, 'K010300981735', 'RISMATU ZAHRA', '1021777', 'BDP', 'K010300981735', 'SMKTHBISA2022'),
(1736, 'K010300981736', 'TRIO ANDIKA', '1021777', 'BDP', 'K010300981736', 'SMKTHBISA2022'),
(1737, 'K010300981737', 'VERDI PUTRA SATRIA', '1021777', 'BDP', 'K010300981737', 'SMKTHBISA2022'),
(1738, 'K010300981738', 'WULAN CAHYANI', '1021777', 'BDP', 'K010300981738', 'SMKTHBISA2022'),
(1739, 'K010300981739', 'YOGA DWI PRASETYO', '1021777', 'BDP', 'K010300981739', 'SMKTHBISA2022'),
(1740, 'K010300981740', 'YUNITA ADETIA SAPUTRI', '1021777', 'BDP', 'K010300981740', 'SMKTHBISA2022'),
(1741, 'K010300981741', 'ACHMAD ALFIE SA\'DAN WIDODO', '1022916', 'BDP', 'K010300981741', 'SMKTHBISA2022'),
(1742, 'K010300981742', 'ADI PUTRA', '1022916', 'BDP', 'K010300981742', 'SMKTHBISA2022'),
(1743, 'K010300981743', 'ALIYAH MAISUNI', '1022916', 'BDP', 'K010300981743', 'SMKTHBISA2022'),
(1744, 'K010300981744', 'ALYA SAFA KAMILA', '1022916', 'BDP', 'K010300981744', 'SMKTHBISA2022'),
(1745, 'K010300981745', 'AMALIA SYAMSIATI ALIFAH', '1022916', 'BDP', 'K010300981745', 'SMKTHBISA2022'),
(1746, 'K010300981746', 'BAGAS SUKMO', '1022916', 'BDP', 'K010300981746', 'SMKTHBISA2022'),
(1747, 'K010300981747', 'FAIZAH PUTRI AULIA', '1022916', 'BDP', 'K010300981747', 'SMKTHBISA2022'),
(1748, 'K010300981748', 'FANDI SAPUTRA', '1022916', 'BDP', 'K010300981748', 'SMKTHBISA2022'),
(1749, 'K010300981749', 'FIORELLA RAISYA ERVANI', '1022916', 'BDP', 'K010300981749', 'SMKTHBISA2022'),
(1750, 'K010300981750', 'INDRA RUKMANA', '1022916', 'BDP', 'K010300981750', 'SMKTHBISA2022'),
(1751, 'K010300981751', 'JULAEHA', '1022916', 'BDP', 'K010300981751', 'SMKTHBISA2022'),
(1752, 'K010300981752', 'KEVIN AFIZENO', '1022916', 'BDP', 'K010300981752', 'SMKTHBISA2022'),
(1753, 'K010300981753', 'MAHESA GENTA SAKAWAYANA', '1022916', 'BDP', 'K010300981753', 'SMKTHBISA2022'),
(1754, 'K010300981754', 'MUHAMAD WILDAN RAMADHAN', '1022916', 'BDP', 'K010300981754', 'SMKTHBISA2022'),
(1755, 'K010300981755', 'MUHAMMAD FADIL', '1022916', 'BDP', 'K010300981755', 'SMKTHBISA2022'),
(1756, 'K010300981756', 'MUHAMMAD FARHAN MAULANA', '1022916', 'BDP', 'K010300981756', 'SMKTHBISA2022'),
(1757, 'K010300981757', 'MUHAMMAD JIHAR ADIB', '1022916', 'BDP', 'K010300981757', 'SMKTHBISA2022'),
(1758, 'K010300981758', 'NUR RIZKIYAH', '1022916', 'BDP', 'K010300981758', 'SMKTHBISA2022'),
(1759, 'K010300981759', 'RAISAH NURUL AMIN', '1022916', 'BDP', 'K010300981759', 'SMKTHBISA2022'),
(1760, 'K010300981760', 'RAYNANDA DEWATA', '1022916', 'BDP', 'K010300981760', 'SMKTHBISA2022'),
(1761, 'K010300981761', 'RIDHO FIRMAN SYACH', '1022916', 'BDP', 'K010300981761', 'SMKTHBISA2022'),
(1762, 'K010300981762', 'RIFKY AKBAR ABDULLAH', '1022916', 'BDP', 'K010300981762', 'SMKTHBISA2022'),
(1763, 'K010300981763', 'RISKA', '1022916', 'BDP', 'K010300981763', 'SMKTHBISA2022'),
(1764, 'K010300981764', 'RISKA NURUL FADILAH', '1022916', 'BDP', 'K010300981764', 'SMKTHBISA2022'),
(1765, 'K010300981765', 'ROSA WIDIYA AMALIAH', '1022916', 'BDP', 'K010300981765', 'SMKTHBISA2022'),
(1766, 'K010300981766', 'SAGDA MAHENDRA', '1022916', 'BDP', 'K010300981766', 'SMKTHBISA2022'),
(1767, 'K010300981767', 'SELBY AYU ALZAHRA', '1022916', 'BDP', 'K010300981767', 'SMKTHBISA2022'),
(1768, 'K010300981768', 'SILVIA', '1022916', 'BDP', 'K010300981768', 'SMKTHBISA2022'),
(1769, 'K010300981769', 'SITI MAYANGSARI RAHMADANI', '1022916', 'BDP', 'K010300981769', 'SMKTHBISA2022'),
(1770, 'K010300981770', 'SITI NUR NABILLA', '1022916', 'BDP', 'K010300981770', 'SMKTHBISA2022'),
(1771, 'K010300981771', 'TEGAR SAPUTRA', '1022916', 'BDP', 'K010300981771', 'SMKTHBISA2022'),
(1772, 'K010300981772', 'TOMMY YUSCANDRA', '1022916', 'BDP', 'K010300981772', 'SMKTHBISA2022'),
(1773, 'K010300981773', 'YULIANTI', '1022916', 'BDP', 'K010300981773', 'SMKTHBISA2022'),
(1774, 'K010300981774', 'ZAKI AKBAR WIJAYANTO', '1022916', 'BDP', 'K010300981774', 'SMKTHBISA2022'),
(1775, 'K010300981775', 'AMELIA OKTAVIANI', '1023739', 'OTKP', 'K010300981775', 'SMKTHBISA2022'),
(1776, 'K010300981776', 'AMELIA SHADIYAH', '1023739', 'OTKP', 'K010300981776', 'SMKTHBISA2022'),
(1777, 'K010300981777', 'ARDELIA SALSABILA', '1023739', 'OTKP', 'K010300981777', 'SMKTHBISA2022'),
(1778, 'K010300981778', 'ARINI', '1023739', 'OTKP', 'K010300981778', 'SMKTHBISA2022'),
(1779, 'K010300981779', 'AUDI VALENTINA', '1023739', 'OTKP', 'K010300981779', 'SMKTHBISA2022'),
(1780, 'K010300981780', 'AYU LESTARI', '1023739', 'OTKP', 'K010300981780', 'SMKTHBISA2022'),
(1781, 'K010300981781', 'DARA WARDHANI', '1023739', 'OTKP', 'K010300981781', 'SMKTHBISA2022'),
(1782, 'K010300981782', 'DEDE ARUM SARI', '1023739', 'OTKP', 'K010300981782', 'SMKTHBISA2022'),
(1783, 'K010300981783', 'DEVI NUR AFRILIA', '1023739', 'OTKP', 'K010300981783', 'SMKTHBISA2022'),
(1784, 'K010300981784', 'DEWITA CAHYANI', '1023739', 'OTKP', 'K010300981784', 'SMKTHBISA2022'),
(1785, 'K010300981785', 'DIAN PATRIANI', '1023739', 'OTKP', 'K010300981785', 'SMKTHBISA2022'),
(1786, 'K010300981786', 'DINA NOVITA', '1023739', 'OTKP', 'K010300981786', 'SMKTHBISA2022'),
(1787, 'K010300981787', 'DINII ADITIA PUTRI LUBIS', '1023739', 'OTKP', 'K010300981787', 'SMKTHBISA2022'),
(1788, 'K010300981788', 'EKA YULIA SARI', '1023739', 'OTKP', 'K010300981788', 'SMKTHBISA2022'),
(1789, 'K010300981789', 'ERSANDA APRILIA', '1023739', 'OTKP', 'K010300981789', 'SMKTHBISA2022'),
(1790, 'K010300981790', 'FADIANA', '1023739', 'OTKP', 'K010300981790', 'SMKTHBISA2022'),
(1791, 'K010300981791', 'ICHA RAHMA NOVITASARI', '1023739', 'OTKP', 'K010300981791', 'SMKTHBISA2022'),
(1792, 'K010300981792', 'ISMI SYALINA HIDAYAT', '1023739', 'OTKP', 'K010300981792', 'SMKTHBISA2022'),
(1793, 'K010300981793', 'JESI HAFILLAH', '1023739', 'OTKP', 'K010300981793', 'SMKTHBISA2022'),
(1794, 'K010300981794', 'JULIA LESTARI', '1023739', 'OTKP', 'K010300981794', 'SMKTHBISA2022'),
(1795, 'K010300981795', 'KEKE NURKHOLIFAH', '1023739', 'OTKP', 'K010300981795', 'SMKTHBISA2022'),
(1796, 'K010300981796', 'KOLIF MULYANI', '1023739', 'OTKP', 'K010300981796', 'SMKTHBISA2022'),
(1797, 'K010300981797', 'LUVIYANTI', '1023739', 'OTKP', 'K010300981797', 'SMKTHBISA2022'),
(1798, 'K010300981798', 'MARS WINDA AGUSTIN', '1023739', 'OTKP', 'K010300981798', 'SMKTHBISA2022'),
(1799, 'K010300981799', 'MAULIDA AZKIA', '1023739', 'OTKP', 'K010300981799', 'SMKTHBISA2022'),
(1800, 'K010300981800', 'MELLIDA DEVITASARI', '1023739', 'OTKP', 'K010300981800', 'SMKTHBISA2022'),
(1801, 'K010300981801', 'NADILA RISCHA HIDAYAT', '1023739', 'OTKP', 'K010300981801', 'SMKTHBISA2022'),
(1802, 'K010300981802', 'NESSA APRILA ROSA', '1023739', 'OTKP', 'K010300981802', 'SMKTHBISA2022'),
(1803, 'K010300981803', 'OKTAVIANA', '1023739', 'OTKP', 'K010300981803', 'SMKTHBISA2022'),
(1804, 'K010300981804', 'PATRICIA OLIVIA BUBANE', '1023739', 'OTKP', 'K010300981804', 'SMKTHBISA2022'),
(1805, 'K010300981805', 'REZA THALIA SALSABILA', '1023739', 'OTKP', 'K010300981805', 'SMKTHBISA2022'),
(1806, 'K010300981806', 'RISNA JUENDANG', '1023739', 'OTKP', 'K010300981806', 'SMKTHBISA2022'),
(1807, 'K010300981807', 'ROS SETIAWATI', '1023739', 'OTKP', 'K010300981807', 'SMKTHBISA2022'),
(1808, 'K010300981808', 'ROSYANA NURANI', '1023739', 'OTKP', 'K010300981808', 'SMKTHBISA2022'),
(1809, 'K010300981809', 'SASKIA ALIYA ZAHRA', '1023739', 'OTKP', 'K010300981809', 'SMKTHBISA2022'),
(1810, 'K010300981810', 'SINTA ARYANA WENDARI', '1023739', 'OTKP', 'K010300981810', 'SMKTHBISA2022'),
(1811, 'K010300981811', 'SUPRIYANA', '1023739', 'OTKP', 'K010300981811', 'SMKTHBISA2022'),
(1812, 'K010300981812', 'TIARA HENDITA PUTRI', '1023739', 'OTKP', 'K010300981812', 'SMKTHBISA2022'),
(1813, 'K010300981813', 'VERONICA PATRICIA', '1023739', 'OTKP', 'K010300981813', 'SMKTHBISA2022'),
(1814, 'K010300981814', 'WULAN SUCI FITRIANI', '1023739', 'OTKP', 'K010300981814', 'SMKTHBISA2022'),
(1815, 'K010300981815', 'ZAHRA WAHYU TRIANDINI', '1023739', 'OTKP', 'K010300981815', 'SMKTHBISA2022'),
(1816, 'K010300981816', 'AISYA YUNIARTI', '1024725', 'OTKP', 'K010300981816', 'SMKTHBISA2022'),
(1817, 'K010300981817', 'ALMA ELENA RACHMAN', '1024725', 'OTKP', 'K010300981817', 'SMKTHBISA2022'),
(1818, 'K010300981818', 'AMANDA SALSABILAH SAFITRI', '1024725', 'OTKP', 'K010300981818', 'SMKTHBISA2022'),
(1819, 'K010300981819', 'BALQIS AULIA WIJAYA', '1024725', 'OTKP', 'K010300981819', 'SMKTHBISA2022'),
(1820, 'K010300981820', 'CHIKA MAULIDA DEWI', '1024725', 'OTKP', 'K010300981820', 'SMKTHBISA2022'),
(1821, 'K010300981821', 'DEVI RIANTI', '1024725', 'OTKP', 'K010300981821', 'SMKTHBISA2022'),
(1822, 'K010300981822', 'DIAH AYU KRISNA DWI PUTRI', '1024725', 'OTKP', 'K010300981822', 'SMKTHBISA2022'),
(1823, 'K010300981823', 'DIAN APRILLIANI', '1024725', 'OTKP', 'K010300981823', 'SMKTHBISA2022'),
(1824, 'K010300981824', 'DINA AGUSTINA', '1024725', 'OTKP', 'K010300981824', 'SMKTHBISA2022'),
(1825, 'K010300981825', 'DIYAN RAHMAWATI', '1024725', 'OTKP', 'K010300981825', 'SMKTHBISA2022'),
(1826, 'K010300981826', 'FUJA LISTY YANTI', '1024725', 'OTKP', 'K010300981826', 'SMKTHBISA2022'),
(1827, 'K010300981827', 'KARINA PUTRI OXTAVIANI', '1024725', 'OTKP', 'K010300981827', 'SMKTHBISA2022'),
(1828, 'K010300981828', 'KIKI FATIKA SYAHRANI', '1024725', 'OTKP', 'K010300981828', 'SMKTHBISA2022'),
(1829, 'K010300981829', 'MAHARANI SYAIDINA DJULIANTI', '1024725', 'OTKP', 'K010300981829', 'SMKTHBISA2022'),
(1830, 'K010300981830', 'MARLINA', '1024725', 'OTKP', 'K010300981830', 'SMKTHBISA2022'),
(1831, 'K010300981831', 'MEILINDA FELISYAWATI', '1024725', 'OTKP', 'K010300981831', 'SMKTHBISA2022'),
(1832, 'K010300981832', 'MELINA NUR SAPITRI', '1024725', 'OTKP', 'K010300981832', 'SMKTHBISA2022'),
(1833, 'K010300981833', 'MUNI\'AH', '1024725', 'OTKP', 'K010300981833', 'SMKTHBISA2022'),
(1834, 'K010300981834', 'NADYA PUTRI', '1024725', 'OTKP', 'K010300981834', 'SMKTHBISA2022'),
(1835, 'K010300981835', 'NANDA JASIKA', '1024725', 'OTKP', 'K010300981835', 'SMKTHBISA2022'),
(1836, 'K010300981836', 'NISA DWI RAMANDA', '1024725', 'OTKP', 'K010300981836', 'SMKTHBISA2022'),
(1837, 'K010300981837', 'NUR ASIDIAH', '1024725', 'OTKP', 'K010300981837', 'SMKTHBISA2022'),
(1838, 'K010300981838', 'PIRANIH', '1024725', 'OTKP', 'K010300981838', 'SMKTHBISA2022'),
(1839, 'K010300981839', 'PUTRI WIDHI ASTUTI', '1024725', 'OTKP', 'K010300981839', 'SMKTHBISA2022'),
(1840, 'K010300981840', 'RINI MARSITA', '1024725', 'OTKP', 'K010300981840', 'SMKTHBISA2022'),
(1841, 'K010300981841', 'RISKA KHARISMA', '1024725', 'OTKP', 'K010300981841', 'SMKTHBISA2022'),
(1842, 'K010300981842', 'RISNA PRIYANTI', '1024725', 'OTKP', 'K010300981842', 'SMKTHBISA2022'),
(1843, 'K010300981843', 'RUNI RAHAYU', '1024725', 'OTKP', 'K010300981843', 'SMKTHBISA2022'),
(1844, 'K010300981844', 'SHEVA HANDINI', '1024725', 'OTKP', 'K010300981844', 'SMKTHBISA2022'),
(1845, 'K010300981845', 'SITI NURHALIZA ARDI', '1024725', 'OTKP', 'K010300981845', 'SMKTHBISA2022'),
(1846, 'K010300981846', 'SUCI NABILAH KHAERUS', '1024725', 'OTKP', 'K010300981846', 'SMKTHBISA2022'),
(1847, 'K010300981847', 'TANIA NUR ALFITRIANI', '1024725', 'OTKP', 'K010300981847', 'SMKTHBISA2022'),
(1848, 'K010300981848', 'TIAH', '1024725', 'OTKP', 'K010300981848', 'SMKTHBISA2022'),
(1849, 'K010300981849', 'UMAIROH', '1024725', 'OTKP', 'K010300981849', 'SMKTHBISA2022'),
(1850, 'K010300981850', 'VELINDA NUR AZIZAH', '1024725', 'OTKP', 'K010300981850', 'SMKTHBISA2022'),
(1851, 'K010300981851', 'WAHYU KURNIAWATI', '1024725', 'OTKP', 'K010300981851', 'SMKTHBISA2022'),
(1852, 'K010300981852', 'WULAN SUNINGSIH', '1024725', 'OTKP', 'K010300981852', 'SMKTHBISA2022'),
(1853, 'K010300981853', 'YENTI HERAWATI', '1024725', 'OTKP', 'K010300981853', 'SMKTHBISA2022'),
(1854, 'K010300981854', 'ZHILA SHOFA NAFSIAH', '1024725', 'OTKP', 'K010300981854', 'SMKTHBISA2022'),
(1855, 'K010300981855', 'ABDURRAHMAN ASNADI', '1025156', 'TKJ', 'K010300981855', 'SMKTHBISA2022'),
(1856, 'K010300981856', 'ADI NUR', '1025156', 'TKJ', 'K010300981856', 'SMKTHBISA2022'),
(1857, 'K010300981857', 'ADITYA SAPUTRA', '1025156', 'TKJ', 'K010300981857', 'SMKTHBISA2022'),
(1858, 'K010300981858', 'AIRA ANDI AHMAD', '1025156', 'TKJ', 'K010300981858', 'SMKTHBISA2022'),
(1859, 'K010300981859', 'ALFADLI MERDIANTA', '1025156', 'TKJ', 'K010300981859', 'SMKTHBISA2022'),
(1860, 'K010300981860', 'ARISKA WITRI ASTUTI', '1025156', 'TKJ', 'K010300981860', 'SMKTHBISA2022'),
(1861, 'K010300981861', 'DANI DARMAWAN', '1025156', 'TKJ', 'K010300981861', 'SMKTHBISA2022'),
(1862, 'K010300981862', 'DANIEL PRADITYA', '1025156', 'TKJ', 'K010300981862', 'SMKTHBISA2022'),
(1863, 'K010300981863', 'DHANNIS FARDINTA', '1025156', 'TKJ', 'K010300981863', 'SMKTHBISA2022'),
(1864, 'K010300981864', 'DIMAS ADITIYA', '1025156', 'TKJ', 'K010300981864', 'SMKTHBISA2022'),
(1865, 'K010300981865', 'FARID IHWATUL MUSLIMIN', '1025156', 'TKJ', 'K010300981865', 'SMKTHBISA2022'),
(1866, 'K010300981866', 'FAUZI', '1025156', 'TKJ', 'K010300981866', 'SMKTHBISA2022'),
(1867, 'K010300981867', 'HARYANTO', '1025156', 'TKJ', 'K010300981867', 'SMKTHBISA2022'),
(1868, 'K010300981868', 'HERI SETYAWAN', '1025156', 'TKJ', 'K010300981868', 'SMKTHBISA2022'),
(1869, 'K010300981869', 'IDHAM RAHMAN', '1025156', 'TKJ', 'K010300981869', 'SMKTHBISA2022'),
(1870, 'K010300981870', 'IDRIS FADILA', '1025156', 'TKJ', 'K010300981870', 'SMKTHBISA2022'),
(1871, 'K010300981871', 'M. JAENI SAPUTRA', '1025156', 'TKJ', 'K010300981871', 'SMKTHBISA2022'),
(1872, 'K010300981872', 'MARTIN', '1025156', 'TKJ', 'K010300981872', 'SMKTHBISA2022'),
(1873, 'K010300981873', 'MOHAMMAD ARDIANSYAH RIZKI DERMAWAN', '1025156', 'TKJ', 'K010300981873', 'SMKTHBISA2022'),
(1874, 'K010300981874', 'MUHAMAD JAZULI OKTAFIO', '1025156', 'TKJ', 'K010300981874', 'SMKTHBISA2022'),
(1875, 'K010300981875', 'MUHAMAT REVA RIZKI SAPUTRA', '1025156', 'TKJ', 'K010300981875', 'SMKTHBISA2022'),
(1876, 'K010300981876', 'MUHAMMAD AGUS TRIARDI', '1025156', 'TKJ', 'K010300981876', 'SMKTHBISA2022'),
(1877, 'K010300981877', 'MUHAMMAD RAFLI', '1025156', 'TKJ', 'K010300981877', 'SMKTHBISA2022'),
(1878, 'K010300981878', 'MUHAMMAD RUSYDI MURTADHO', '1025156', 'TKJ', 'K010300981878', 'SMKTHBISA2022'),
(1879, 'K010300981879', 'NANA MAOLANA', '1025156', 'TKJ', 'K010300981879', 'SMKTHBISA2022'),
(1880, 'K010300981880', 'NANDA ARGA RADITYA', '1025156', 'TKJ', 'K010300981880', 'SMKTHBISA2022'),
(1881, 'K010300981881', 'NUR OKKY BINTANG SAPUTRA', '1025156', 'TKJ', 'K010300981881', 'SMKTHBISA2022'),
(1882, 'K010300981882', 'RENDI PEBRIANSYAH', '1025156', 'TKJ', 'K010300981882', 'SMKTHBISA2022'),
(1883, 'K010300981883', 'RICO PRIANTO', '1025156', 'TKJ', 'K010300981883', 'SMKTHBISA2022'),
(1884, 'K010300981884', 'RIVALDY IRAWAN', '1025156', 'TKJ', 'K010300981884', 'SMKTHBISA2022'),
(1885, 'K010300981885', 'RIZKI DWI HAPIJAR', '1025156', 'TKJ', 'K010300981885', 'SMKTHBISA2022'),
(1886, 'K010300981886', 'RIZKI HARI NUGROHO', '1025156', 'TKJ', 'K010300981886', 'SMKTHBISA2022'),
(1887, 'K010300981887', 'ROBBY ANDRIANSYAH', '1025156', 'TKJ', 'K010300981887', 'SMKTHBISA2022'),
(1888, 'K010300981888', 'TAUFIK LERA', '1025156', 'TKJ', 'K010300981888', 'SMKTHBISA2022'),
(1889, 'K010300981889', 'TENGKU ARYA SAPUTRA', '1025156', 'TKJ', 'K010300981889', 'SMKTHBISA2022'),
(1890, 'K010300981890', 'WISNU HANDOKO', '1025156', 'TKJ', 'K010300981890', 'SMKTHBISA2022'),
(1891, 'K010300981891', 'A\'ANWAR', '1026818', 'TKJ', 'K010300981891', 'SMKTHBISA2022'),
(1892, 'K010300981892', 'ABDULLAH PATHUR RACHMAN', '1026818', 'TKJ', 'K010300981892', 'SMKTHBISA2022'),
(1893, 'K010300981893', 'ADITYA DHARMA', '1026818', 'TKJ', 'K010300981893', 'SMKTHBISA2022'),
(1894, 'K010300981894', 'ADITYA SAPUTRA', '1026818', 'TKJ', 'K010300981894', 'SMKTHBISA2022'),
(1895, 'K010300981895', 'AGIL MUBAROQ', '1026818', 'TKJ', 'K010300981895', 'SMKTHBISA2022'),
(1896, 'K010300981896', 'AHMAD MAULANA', '1026818', 'TKJ', 'K010300981896', 'SMKTHBISA2022'),
(1897, 'K010300981897', 'ANDI KOSASIH', '1026818', 'TKJ', 'K010300981897', 'SMKTHBISA2022'),
(1898, 'K010300981898', 'ANDRIYANSAH', '1026818', 'TKJ', 'K010300981898', 'SMKTHBISA2022'),
(1899, 'K010300981899', 'BIMA BAYU SAMUDRA', '1026818', 'TKJ', 'K010300981899', 'SMKTHBISA2022'),
(1900, 'K010300981900', 'EGAN BAGUS REHANDIKA ALDA RAKHANTA', '1026818', 'TKJ', 'K010300981900', 'SMKTHBISA2022'),
(1901, 'K010300981901', 'EKA DHANI', '1026818', 'TKJ', 'K010300981901', 'SMKTHBISA2022'),
(1902, 'K010300981902', 'ENDAH HERNIATI', '1026818', 'TKJ', 'K010300981902', 'SMKTHBISA2022'),
(1903, 'K010300981903', 'FACHRUL BINTANG IMZAD', '1026818', 'TKJ', 'K010300981903', 'SMKTHBISA2022'),
(1904, 'K010300981904', 'FAHREZI JANUAR RISKI', '1026818', 'TKJ', 'K010300981904', 'SMKTHBISA2022'),
(1905, 'K010300981905', 'HAFIZ NUR ARIF', '1026818', 'TKJ', 'K010300981905', 'SMKTHBISA2022'),
(1906, 'K010300981906', 'HANAN FEBRI AWANDA', '1026818', 'TKJ', 'K010300981906', 'SMKTHBISA2022'),
(1907, 'K010300981907', 'IBNU ADAM', '1026818', 'TKJ', 'K010300981907', 'SMKTHBISA2022'),
(1908, 'K010300981908', 'KHAIRAN MAULANA', '1026818', 'TKJ', 'K010300981908', 'SMKTHBISA2022'),
(1909, 'K010300981909', 'M. RESA FAHLEVIH ADITYA PUTRA', '1026818', 'TKJ', 'K010300981909', 'SMKTHBISA2022'),
(1910, 'K010300981910', 'M.FREDY ARDIANSYAH', '1026818', 'TKJ', 'K010300981910', 'SMKTHBISA2022'),
(1911, 'K010300981911', 'MAULANA RAFI PRASETYO', '1026818', 'TKJ', 'K010300981911', 'SMKTHBISA2022'),
(1912, 'K010300981912', 'MUHAMAD ARIYANZAH', '1026818', 'TKJ', 'K010300981912', 'SMKTHBISA2022'),
(1913, 'K010300981913', 'MUHAMAD RIDWAN', '1026818', 'TKJ', 'K010300981913', 'SMKTHBISA2022'),
(1914, 'K010300981914', 'MUHAMMAD FAHREZA DZULHIJJAH', '1026818', 'TKJ', 'K010300981914', 'SMKTHBISA2022'),
(1915, 'K010300981915', 'MUHAMMAD FERDIANSYAH', '1026818', 'TKJ', 'K010300981915', 'SMKTHBISA2022'),
(1916, 'K010300981916', 'MUHAMMAD ILHAM', '1026818', 'TKJ', 'K010300981916', 'SMKTHBISA2022'),
(1917, 'K010300981917', 'MUHAMMAD MUKHTI ABIMANYU', '1026818', 'TKJ', 'K010300981917', 'SMKTHBISA2022'),
(1918, 'K010300981918', 'MUHAMMAD RUHDIN', '1026818', 'TKJ', 'K010300981918', 'SMKTHBISA2022'),
(1919, 'K010300981919', 'MUHAMMAD UBAIDILLAH', '1026818', 'TKJ', 'K010300981919', 'SMKTHBISA2022'),
(1920, 'K010300981920', 'RAHMAT HADI WIJAYA', '1026818', 'TKJ', 'K010300981920', 'SMKTHBISA2022'),
(1921, 'K010300981921', 'RAKA PRABOWO', '1026818', 'TKJ', 'K010300981921', 'SMKTHBISA2022'),
(1922, 'K010300981922', 'RAMA HERDIANSYAH', '1026818', 'TKJ', 'K010300981922', 'SMKTHBISA2022'),
(1923, 'K010300981923', 'RIJIK MULANA YUSUP', '1026818', 'TKJ', 'K010300981923', 'SMKTHBISA2022'),
(1924, 'K010300981924', 'RIVAL SAPUTRA', '1026818', 'TKJ', 'K010300981924', 'SMKTHBISA2022'),
(1925, 'K010300981925', 'SEFI SEPTIANA', '1026818', 'TKJ', 'K010300981925', 'SMKTHBISA2022'),
(1926, 'K010300981926', 'SITI NUR KHOLIPAH', '1026818', 'TKJ', 'K010300981926', 'SMKTHBISA2022'),
(1927, 'K010300981927', 'TYO SAPUTRA', '1026818', 'TKJ', 'K010300981927', 'SMKTHBISA2022'),
(1928, 'K010300981928', 'ADITYA SAPUTRA', '1027713', 'TKJ', 'K010300981928', 'SMKTHBISA2022'),
(1929, 'K010300981929', 'ADNAN BUKHARI', '1027713', 'TKJ', 'K010300981929', 'SMKTHBISA2022'),
(1930, 'K010300981930', 'AHMAT SOFBRI', '1027713', 'TKJ', 'K010300981930', 'SMKTHBISA2022'),
(1931, 'K010300981931', 'AMAIKA RACHMAN', '1027713', 'TKJ', 'K010300981931', 'SMKTHBISA2022'),
(1932, 'K010300981932', 'ANDREAN SAPUTRA', '1027713', 'TKJ', 'K010300981932', 'SMKTHBISA2022'),
(1933, 'K010300981933', 'APRIADI', '1027713', 'TKJ', 'K010300981933', 'SMKTHBISA2022'),
(1934, 'K010300981934', 'ARDI MUAYAD', '1027713', 'TKJ', 'K010300981934', 'SMKTHBISA2022'),
(1935, 'K010300981935', 'ARIF DWI SAPUTRA', '1027713', 'TKJ', 'K010300981935', 'SMKTHBISA2022'),
(1936, 'K010300981936', 'DESTA RAHMA NOVIANI', '1027713', 'TKJ', 'K010300981936', 'SMKTHBISA2022'),
(1937, 'K010300981937', 'DIKKY PANGESTU', '1027713', 'TKJ', 'K010300981937', 'SMKTHBISA2022'),
(1938, 'K010300981938', 'DODI PRAMUJA', '1027713', 'TKJ', 'K010300981938', 'SMKTHBISA2022'),
(1939, 'K010300981939', 'ELGA BUDI PURNOMO', '1027713', 'TKJ', 'K010300981939', 'SMKTHBISA2022'),
(1940, 'K010300981940', 'FAUZY GUNAWAN', '1027713', 'TKJ', 'K010300981940', 'SMKTHBISA2022'),
(1941, 'K010300981941', 'IKLAS GUSTI PANGESTU', '1027713', 'TKJ', 'K010300981941', 'SMKTHBISA2022'),
(1942, 'K010300981942', 'ILHAM RAMADHAN', '1027713', 'TKJ', 'K010300981942', 'SMKTHBISA2022'),
(1943, 'K010300981943', 'MUHAMAD IMAM MAHDI', '1027713', 'TKJ', 'K010300981943', 'SMKTHBISA2022'),
(1944, 'K010300981944', 'MUHAMMAD ADAM SEPTIAWAN', '1027713', 'TKJ', 'K010300981944', 'SMKTHBISA2022'),
(1945, 'K010300981945', 'MUHAMMAD BINTANG', '1027713', 'TKJ', 'K010300981945', 'SMKTHBISA2022'),
(1946, 'K010300981946', 'MUHAMMAD FIKRI GINASTIAR', '1027713', 'TKJ', 'K010300981946', 'SMKTHBISA2022'),
(1947, 'K010300981947', 'MUHAMMAD NUR IKHSAN', '1027713', 'TKJ', 'K010300981947', 'SMKTHBISA2022'),
(1948, 'K010300981948', 'NIKO SAPUTRA', '1027713', 'TKJ', 'K010300981948', 'SMKTHBISA2022'),
(1949, 'K010300981949', 'NOVA YULIANTO', '1027713', 'TKJ', 'K010300981949', 'SMKTHBISA2022'),
(1950, 'K010300981950', 'REGA ALDO NURCAHYONO', '1027713', 'TKJ', 'K010300981950', 'SMKTHBISA2022'),
(1951, 'K010300981951', 'REZZA ADITYA PRATAMA', '1027713', 'TKJ', 'K010300981951', 'SMKTHBISA2022'),
(1952, 'K010300981952', 'RIFKYAN SYAH', '1027713', 'TKJ', 'K010300981952', 'SMKTHBISA2022'),
(1953, 'K010300981953', 'RISKY ALFIAN', '1027713', 'TKJ', 'K010300981953', 'SMKTHBISA2022'),
(1954, 'K010300981954', 'SATRIA PAMUNGKAS', '1027713', 'TKJ', 'K010300981954', 'SMKTHBISA2022'),
(1955, 'K010300981955', 'VIRLYA AULIA ROHMAH', '1027713', 'TKJ', 'K010300981955', 'SMKTHBISA2022'),
(1956, 'K010300981956', 'WAFA FAUZAN JAMIL', '1027713', 'TKJ', 'K010300981956', 'SMKTHBISA2022'),
(1957, 'K010300981957', 'WAHYU', '1027713', 'TKJ', 'K010300981957', 'SMKTHBISA2022'),
(1958, 'K010300981958', 'WILLIAM WIJAYA PHANG', '1027713', 'TKJ', 'K010300981958', 'SMKTHBISA2022'),
(1959, 'K010300981959', 'WILLY RAFIANSYAH', '1027713', 'TKJ', 'K010300981959', 'SMKTHBISA2022'),
(1960, 'K010300981960', 'YANUAR BUDI PRATAMA', '1027713', 'TKJ', 'K010300981960', 'SMKTHBISA2022'),
(1961, 'K010300981961', 'YORIKO OKTAVIANUS MAMARODIA', '1027713', 'TKJ', 'K010300981961', 'SMKTHBISA2022'),
(1962, 'K010300981962', 'ZOKROTUN NIDA', '1027713', 'TKJ', 'K010300981962', 'SMKTHBISA2022');

-- --------------------------------------------------------

--
-- Table structure for table `bank_soal`
--

CREATE TABLE `bank_soal` (
  `id_bank_soal` int(18) NOT NULL,
  `id_mapel` int(18) NOT NULL,
  `id_kelas` int(11) NOT NULL,
  `nama_ujian` varchar(128) NOT NULL,
  `status` enum('AKTIF','NON AKTIF','','') NOT NULL,
  `time` timestamp NOT NULL DEFAULT current_timestamp() ON UPDATE current_timestamp()
) ENGINE=InnoDB DEFAULT CHARSET=utf8mb4;

--
-- Dumping data for table `bank_soal`
--

INSERT INTO `bank_soal` (`id_bank_soal`, `id_mapel`, `id_kelas`, `nama_ujian`, `status`, `time`) VALUES
(5843339, 4016404, 1008634, 'ULANGAN HARIAN', 'AKTIF', '2022-04-16 04:18:33'),
(8818419, 4016404, 1009956, 'ULANGAN HARIAN', 'NON AKTIF', '2022-04-16 04:21:04');

-- --------------------------------------------------------

--
-- Table structure for table `soal`
--

CREATE TABLE `soal` (
  `id_soal` int(11) NOT NULL,
  `id_mapel` int(11) NOT NULL,
  `soal` int(11) NOT NULL,
  `pilA` int(11) NOT NULL,
  `pilB` int(11) NOT NULL,
  `pilC` int(11) NOT NULL,
  `pilD` int(11) NOT NULL,
  `pilE` int(11) NOT NULL,
  `kunci` int(11) NOT NULL
) ENGINE=InnoDB DEFAULT CHARSET=utf8mb4;

--
-- Indexes for dumped tables
--

--
-- Indexes for table `auth`
--
ALTER TABLE `auth`
  ADD PRIMARY KEY (`id`);

--
-- Indexes for table `a_jurusan`
--
ALTER TABLE `a_jurusan`
  ADD PRIMARY KEY (`id`) USING BTREE;

--
-- Indexes for table `a_kelas`
--
ALTER TABLE `a_kelas`
  ADD PRIMARY KEY (`id`) USING BTREE;

--
-- Indexes for table `a_mapel`
--
ALTER TABLE `a_mapel`
  ADD PRIMARY KEY (`id_mapel`);

--
-- Indexes for table `a_siswa`
--
ALTER TABLE `a_siswa`
  ADD PRIMARY KEY (`id`);

--
-- Indexes for table `bank_soal`
--
ALTER TABLE `bank_soal`
  ADD PRIMARY KEY (`id_bank_soal`);

--
-- Indexes for table `soal`
--
ALTER TABLE `soal`
  ADD PRIMARY KEY (`id_soal`);

--
-- AUTO_INCREMENT for dumped tables
--

--
-- AUTO_INCREMENT for table `auth`
--
ALTER TABLE `auth`
  MODIFY `id` int(11) NOT NULL AUTO_INCREMENT, AUTO_INCREMENT=6;

--
-- AUTO_INCREMENT for table `a_jurusan`
--
ALTER TABLE `a_jurusan`
  MODIFY `id` int(11) NOT NULL AUTO_INCREMENT, AUTO_INCREMENT=506;

--
-- AUTO_INCREMENT for table `a_kelas`
--
ALTER TABLE `a_kelas`
  MODIFY `id` int(11) NOT NULL AUTO_INCREMENT, AUTO_INCREMENT=1027714;

--
-- AUTO_INCREMENT for table `bank_soal`
--
ALTER TABLE `bank_soal`
  MODIFY `id_bank_soal` int(18) NOT NULL AUTO_INCREMENT, AUTO_INCREMENT=9987511;
COMMIT;

/*!40101 SET CHARACTER_SET_CLIENT=@OLD_CHARACTER_SET_CLIENT */;
/*!40101 SET CHARACTER_SET_RESULTS=@OLD_CHARACTER_SET_RESULTS */;
/*!40101 SET COLLATION_CONNECTION=@OLD_COLLATION_CONNECTION */;
